{
  "lastSaved": "2026-03-15T10:49:15.637Z",
  "piggyBank": 0.0001726426580452333,
  "totalSkimmed": 0.00035527582797428565,
  "tradeCount": 157,
  "predFund": 0.00008102979722104942,
  "predFundPnl": 0,
  "predFundTrades": 0,
  "agentCapital": 0.00008102979722104942,
  "agentPnl": 0,
  "piggyCoPnl": -0.000003078543944485596,
  "predFundPositions": {},
  "piggyCoPositions": {
    "SEAM": {
      "entryPrice": 0.113107771010875,
      "ethIn": 0.000017495031542467888,
      "tokens": 0.32424778124171555,
      "entryTime": 1773563479929,
      "conf": 63
    }
  },
  "waveStats": {
    "AIXBT": {
      "wins": 0,
      "losses": 1,
      "totalPnlEth": 0,
      "biggestWavePct": 0,
      "biggestWaveUsd": 0,
      "fastestWaveMs": null,
      "fastestWavePct": 0,
      "medals": {
        "gold": 0,
        "silver": 0,
        "bronze": 0
      },
      "piggyContrib": 0
    },
    "KEYCAT": {
      "wins": 4,
      "losses": 2,
      "totalPnlEth": 0.0011978542687499328,
      "biggestWavePct": 7.641290653695444,
      "biggestWaveUsd": 0.11318845658407284,
      "fastestWaveMs": null,
      "fastestWavePct": 0,
      "medals": {
        "gold": 2,
        "silver": 0,
        "bronze": 2
      },
      "piggyContrib": 0.0000052017742773623205
    },
    "PRIME": {
      "wins": 2,
      "losses": 4,
      "totalPnlEth": 0.0051933173788823485,
      "biggestWavePct": 2.9353398309358587,
      "biggestWaveUsd": 0.2943649848917467,
      "fastestWaveMs": null,
      "fastestWavePct": 0,
      "medals": {
        "gold": 0,
        "silver": 1,
        "bronze": 1
      },
      "piggyContrib": 0.000017311057929607828
    },
    "DEGEN": {
      "wins": 3,
      "losses": 0,
      "totalPnlEth": 0.001741950012639215,
      "biggestWavePct": 2.204859551078612,
      "biggestWaveUsd": 0.07494048185149893,
      "fastestWaveMs": null,
      "fastestWavePct": 0,
      "medals": {
        "gold": 0,
        "silver": 0,
        "bronze": 3
      },
      "piggyContrib": 0.000005806500042130717
    },
    "AERO": {
      "wins": 3,
      "losses": 0,
      "totalPnlEth": 0.0032360425241952304,
      "biggestWavePct": 1.8652020955406208,
      "biggestWaveUsd": 0.09723435912539369,
      "fastestWaveMs": 11625636,
      "fastestWavePct": 0.813718215516129,
      "medals": {
        "gold": 0,
        "silver": 0,
        "bronze": 3
      },
      "piggyContrib": 0.00001320723411026477
    },
    "XCN": {
      "wins": 1,
      "losses": 1,
      "totalPnlEth": 0.00007211268440707576,
      "biggestWavePct": 0,
      "biggestWaveUsd": 0,
      "fastestWaveMs": null,
      "fastestWavePct": 0,
      "medals": {
        "gold": 0,
        "silver": 0,
        "bronze": 1
      },
      "piggyContrib": 2.4037561469025256e-7
    },
    "TOSHI": {
      "wins": 1,
      "losses": 0,
      "totalPnlEth": 0.0018558417277516443,
      "biggestWavePct": 131.66239719145335,
      "biggestWaveUsd": 2.794417084206194,
      "fastestWaveMs": 311997,
      "fastestWavePct": 131.66239719145335,
      "medals": {
        "gold": 1,
        "silver": 0,
        "bronze": 0
      },
      "piggyContrib": 0.000007888786197284663
    },
    "BRETT": {
      "wins": 1,
      "losses": 0,
      "totalPnlEth": 0.001100420200219324,
      "biggestWavePct": 19.175217687268585,
      "biggestWaveUsd": 0.6366518197473701,
      "fastestWaveMs": 1756333,
      "fastestWavePct": 19.175217687268585,
      "medals": {
        "gold": 1,
        "silver": 0,
        "bronze": 0
      },
      "piggyContrib": 0.000006319354497805068
    },
    "VIRTUAL": {
      "wins": 2,
      "losses": 0,
      "totalPnlEth": 0.002631415342563361,
      "biggestWavePct": 1.7866670021827489,
      "biggestWaveUsd": 0.08217300649684489,
      "fastestWaveMs": null,
      "fastestWavePct": 0,
      "medals": {
        "gold": 0,
        "silver": 0,
        "bronze": 2
      },
      "piggyContrib": 0.000008771384475211204
    },
    "SEAM": {
      "wins": 0,
      "losses": 1,
      "totalPnlEth": 0,
      "biggestWavePct": 0,
      "biggestWaveUsd": 0,
      "fastestWaveMs": null,
      "fastestWavePct": 0,
      "medals": {
        "gold": 0,
        "silver": 0,
        "bronze": 0
      },
      "piggyContrib": 0
    }
  },
  "entries": {
    "AERO": 0.3378,
    "BRETT": 0.007277418397606461,
    "VIRTUAL": 0.729252416887469,
    "MORPHO": null,
    "CBBTC": null,
    "DEGEN": null,
    "WELL": null,
    "SEAM": 0.113107771010875,
    "AIXBT": 0.02573,
    "TOSHI": 0.000211873036716628,
    "KITE": null,
    "KEYCAT": null,
    "DOGINME": null,
    "XCN": null,
    "SKI": null,
    "PRIME": null,
    "LUNA": null,
    "HIGHER": null,
    "MOCHI": null,
    "ZORA": null,
    "BNKR": 0.0004612,
    "TYBG": null,
    "MIGGLES": null,
    "BENJI": null,
    "ROOST": null,
    "TALENT": null
  },
  "invested": {
    "AERO": 0.0007129955318946668,
    "BRETT": 0.004764500899556957,
    "VIRTUAL": 0.0038078834250364706,
    "MORPHO": 0,
    "CBBTC": 0,
    "DEGEN": 0,
    "WELL": 0,
    "SEAM": 0.0014277647739596579,
    "AIXBT": 0.005863335348679616,
    "TOSHI": 0.005582986486127196,
    "KITE": 0,
    "KEYCAT": 0,
    "DOGINME": 0,
    "XCN": 0,
    "SKI": 0,
    "PRIME": 0,
    "LUNA": 0,
    "HIGHER": 0,
    "MOCHI": 0,
    "ZORA": 0,
    "BNKR": 0.003783854110787082,
    "TYBG": 0,
    "MIGGLES": 0,
    "BENJI": 0,
    "ROOST": 0,
    "TALENT": 0
  },
  "entryTimes": {
    "AERO": 1773551228853,
    "BRETT": 1773532458398,
    "VIRTUAL": 1773561473198,
    "MORPHO": null,
    "CBBTC": null,
    "DEGEN": null,
    "WELL": null,
    "SEAM": 1773563478676,
    "AIXBT": 1773482579742,
    "TOSHI": 1773540517147,
    "KITE": null,
    "KEYCAT": null,
    "DOGINME": null,
    "XCN": null,
    "SKI": null,
    "PRIME": null,
    "LUNA": null,
    "HIGHER": null,
    "MOCHI": null,
    "ZORA": null,
    "BNKR": 1773545189836,
    "TYBG": null,
    "MIGGLES": null,
    "BENJI": null,
    "ROOST": null,
    "TALENT": null
  },
  "tradeLog": []
}