{
  "lastSaved": "2026-03-15T08:19:50.433Z",
  "piggyBank": 0.00017495031542467886,
  "totalSkimmed": 0.00035527582797428565,
  "tradeCount": 156,
  "predFund": 0.00008102979722104942,
  "predFundPnl": 0,
  "predFundTrades": 0,
  "agentCapital": 0.00008102979722104942,
  "agentPnl": 0,
  "piggyCoPnl": -0.000002622378116763443,
  "predFundPositions": {},
  "piggyCoPositions": {
    "BRETT": {
      "entryPrice": 0.00736135007199668,
      "ethIn": 0.000015643539990744457,
      "tokens": 4.437034835589413,
      "entryTime": 1773549521543,
      "conf": 74
    }
  },
  "waveStats": {
    "AIXBT": {
      "wins": 0,
      "losses": 1,
      "totalPnlEth": 0,
      "biggestWavePct": 0,
      "biggestWaveUsd": 0,
      "fastestWaveMs": null,
      "fastestWavePct": 0,
      "medals": {
        "gold": 0,
        "silver": 0,
        "bronze": 0
      },
      "piggyContrib": 0
    },
    "KEYCAT": {
      "wins": 4,
      "losses": 2,
      "totalPnlEth": 0.0011978542687499328,
      "biggestWavePct": 7.641290653695444,
      "biggestWaveUsd": 0.11318845658407284,
      "fastestWaveMs": null,
      "fastestWavePct": 0,
      "medals": {
        "gold": 2,
        "silver": 0,
        "bronze": 2
      },
      "piggyContrib": 0.0000052017742773623205
    },
    "PRIME": {
      "wins": 2,
      "losses": 4,
      "totalPnlEth": 0.0051933173788823485,
      "biggestWavePct": 2.9353398309358587,
      "biggestWaveUsd": 0.2943649848917467,
      "fastestWaveMs": null,
      "fastestWavePct": 0,
      "medals": {
        "gold": 0,
        "silver": 1,
        "bronze": 1
      },
      "piggyContrib": 0.000017311057929607828
    },
    "DEGEN": {
      "wins": 3,
      "losses": 0,
      "totalPnlEth": 0.001741950012639215,
      "biggestWavePct": 2.204859551078612,
      "biggestWaveUsd": 0.07494048185149893,
      "fastestWaveMs": null,
      "fastestWavePct": 0,
      "medals": {
        "gold": 0,
        "silver": 0,
        "bronze": 3
      },
      "piggyContrib": 0.000005806500042130717
    },
    "AERO": {
      "wins": 3,
      "losses": 0,
      "totalPnlEth": 0.0032360425241952304,
      "biggestWavePct": 1.8652020955406208,
      "biggestWaveUsd": 0.09723435912539369,
      "fastestWaveMs": 11625636,
      "fastestWavePct": 0.813718215516129,
      "medals": {
        "gold": 0,
        "silver": 0,
        "bronze": 3
      },
      "piggyContrib": 0.00001320723411026477
    },
    "XCN": {
      "wins": 1,
      "losses": 1,
      "totalPnlEth": 0.00007211268440707576,
      "biggestWavePct": 0,
      "biggestWaveUsd": 0,
      "fastestWaveMs": null,
      "fastestWavePct": 0,
      "medals": {
        "gold": 0,
        "silver": 0,
        "bronze": 1
      },
      "piggyContrib": 2.4037561469025256e-7
    },
    "TOSHI": {
      "wins": 1,
      "losses": 0,
      "totalPnlEth": 0.0018558417277516443,
      "biggestWavePct": 131.66239719145335,
      "biggestWaveUsd": 2.794417084206194,
      "fastestWaveMs": 311997,
      "fastestWavePct": 131.66239719145335,
      "medals": {
        "gold": 1,
        "silver": 0,
        "bronze": 0
      },
      "piggyContrib": 0.000007888786197284663
    },
    "BRETT": {
      "wins": 1,
      "losses": 0,
      "totalPnlEth": 0.001100420200219324,
      "biggestWavePct": 19.175217687268585,
      "biggestWaveUsd": 0.6366518197473701,
      "fastestWaveMs": 1756333,
      "fastestWavePct": 19.175217687268585,
      "medals": {
        "gold": 1,
        "silver": 0,
        "bronze": 0
      },
      "piggyContrib": 0.000006319354497805068
    },
    "VIRTUAL": {
      "wins": 2,
      "losses": 0,
      "totalPnlEth": 0.002631415342563361,
      "biggestWavePct": 1.7866670021827489,
      "biggestWaveUsd": 0.08217300649684489,
      "fastestWaveMs": null,
      "fastestWavePct": 0,
      "medals": {
        "gold": 0,
        "silver": 0,
        "bronze": 2
      },
      "piggyContrib": 0.000008771384475211204
    },
    "SEAM": {
      "wins": 0,
      "losses": 1,
      "totalPnlEth": 0,
      "biggestWavePct": 0,
      "biggestWaveUsd": 0,
      "fastestWaveMs": null,
      "fastestWavePct": 0,
      "medals": {
        "gold": 0,
        "silver": 0,
        "bronze": 0
      },
      "piggyContrib": 0
    }
  },
  "entries": {
    "AERO": 0.3378,
    "BRETT": 0.007277418397606461,
    "VIRTUAL": 0.729252416887469,
    "MORPHO": null,
    "CBBTC": null,
    "DEGEN": null,
    "WELL": null,
    "SEAM": 0.108808348841048,
    "AIXBT": 0.02573,
    "TOSHI": 0.000211873036716628,
    "KITE": null,
    "KEYCAT": null,
    "DOGINME": null,
    "XCN": null,
    "SKI": null,
    "PRIME": null,
    "LUNA": null,
    "HIGHER": null,
    "MOCHI": null,
    "ZORA": null,
    "BNKR": 0.0004612,
    "TYBG": null,
    "MIGGLES": null,
    "BENJI": null,
    "ROOST": null,
    "TALENT": null
  },
  "invested": {
    "AERO": 0.0007129955318946668,
    "BRETT": 0.004764500899556957,
    "VIRTUAL": 0.0038078834250364706,
    "MORPHO": 0,
    "CBBTC": 0,
    "DEGEN": 0,
    "WELL": 0,
    "SEAM": 0.0007165137307914611,
    "AIXBT": 0.005863335348679616,
    "TOSHI": 0.005582986486127196,
    "KITE": 0,
    "KEYCAT": 0,
    "DOGINME": 0,
    "XCN": 0,
    "SKI": 0,
    "PRIME": 0,
    "LUNA": 0,
    "HIGHER": 0,
    "MOCHI": 0,
    "ZORA": 0,
    "BNKR": 0.003783854110787082,
    "TYBG": 0,
    "MIGGLES": 0,
    "BENJI": 0,
    "ROOST": 0,
    "TALENT": 0
  },
  "entryTimes": {
    "AERO": 1773551228853,
    "BRETT": 1773532458398,
    "VIRTUAL": 1773561473198,
    "MORPHO": null,
    "CBBTC": null,
    "DEGEN": null,
    "WELL": null,
    "SEAM": 1773542605044,
    "AIXBT": 1773482579742,
    "TOSHI": 1773540517147,
    "KITE": null,
    "KEYCAT": null,
    "DOGINME": null,
    "XCN": null,
    "SKI": null,
    "PRIME": null,
    "LUNA": null,
    "HIGHER": null,
    "MOCHI": null,
    "ZORA": null,
    "BNKR": 1773545189836,
    "TYBG": null,
    "MIGGLES": null,
    "BENJI": null,
    "ROOST": null,
    "TALENT": null
  },
  "tradeLog": [
    {
      "type": "SELL",
      "symbol": "VIRTUAL",
      "price": 0.7381,
      "receivedEth": 0.002239897216313849,
      "netUsd": 0.08217300649684489,
      "timestamp": "2026-03-15T01:59:42.034Z",
      "tx": "0x0509c4d2681dfb5f9cca86d2a89192f5652a92b654b111f5679c2921de685df8",
      "reason": "🎯 MAX PEAK $0.73509412",
      "indScore": -2
    },
    {
      "type": "SELL",
      "symbol": "VIRTUAL",
      "price": 0.743210191603703,
      "receivedEth": 0.00039151812624951213,
      "netUsd": 0.8180536337107807,
      "timestamp": "2026-03-15T02:02:02.620Z",
      "tx": "0x1237a066feb7a639e2f6b399b5acf13aab005c53f7f3e2a159a2c42b2b0979f3",
      "reason": "🎯 MAX PEAK $0.73509412",
      "indScore": -3
    },
    {
      "type": "BUY",
      "symbol": "TOSHI",
      "price": 0.000211873036716628,
      "ethSpent": 0.0009568010200154621,
      "timestamp": "2026-03-15T02:08:37.147Z",
      "tx": "0x6dea1b3389cbb092b8adfd5d63b31d86835b1a1ccd56cafaa2199ff9d04566bc",
      "reason": "🎯 MIN TROUGH [PRIORITY] unconfirmed",
      "indScore": 0
    },
    {
      "type": "BUY",
      "symbol": "BNKR",
      "price": 0.0004655,
      "ethSpent": 0.0008610405740819904,
      "timestamp": "2026-03-15T02:13:05.289Z",
      "tx": "0x3c96e177ebf2a8a146ffbd15966ed336d4cd13c491d5faa55f47f7f4e68b2654",
      "reason": "🧠 PREDICTED TROUGH [66% conf φ38°]",
      "indScore": 0
    },
    {
      "type": "BUY",
      "symbol": "BNKR",
      "price": 0.000459692867667692,
      "ethSpent": 0.0007748632803880049,
      "timestamp": "2026-03-15T02:39:51.387Z",
      "tx": "0x4db451797db0ac5ea9d0bd1a3e20e503df5bed99e1f042f5c121a98fa4f0527a",
      "reason": "🎯 MIN TROUGH [THIN]",
      "indScore": 3
    },
    {
      "type": "SELL",
      "symbol": "SEAM",
      "price": 0.1087,
      "receivedEth": -8.268515532469656e-7,
      "netUsd": -8.834739434041303,
      "timestamp": "2026-03-15T02:41:13.219Z",
      "tx": "0xf16e65d0f9b8be38bfd0c8f233028a7a2abd76efcd3cd045934b4885f1af21d4",