{
  "lastSaved": "2026-03-19T05:11:12.514Z",
  "piggyBank": 0.0006506469683406887,
  "totalSkimmed": 0.0027194444328062766,
  "tradeCount": 753,
  "predFund": 0.00017996508792966488,
  "predFundPnl": -0.000041347221660504136,
  "predFundTrades": 39,
  "agentCapital": 0.000869085998831713,
  "agentPnl": 0,
  "piggyCoPnl": -0.00003268881327659895,
  "predFundPositions": {
    "AIXBT": {
      "entryPrice": 0.02456,
      "ethIn": 0.000054220169869958594,
      "tokens": 4.779502896415079,
      "entryTime": 1773848452395,
      "conf": 67,
      "phase": 31.40398562202904
    },
    "DEGEN": {
      "entryPrice": 0.000763102690922768,
      "ethIn": 0.00030799853819508965,
      "tokens": 881.3983388571854,
      "entryTime": 1773880006266,
      "conf": 74,
      "phase": 44.87321200878273
    },
    "SEAM": {
      "entryPrice": 0.106476287785967,
      "ethIn": 0.00016959893826657945,
      "tokens": 3.473327426236233,
      "entryTime": 1773881098762,
      "conf": 64,
      "phase": 333.22813617153304
    },
    "BRETT": {
      "entryPrice": 0.00751374187081233,
      "ethIn": 0.00011595604290991607,
      "tokens": 33.73742430673558,
      "entryTime": 1773888844866,
      "conf": 63,
      "phase": 18.433867554534118
    }
  },
  "piggyCoPositions": {
    "AERO": {
      "entryPrice": 0.33556553294443,
      "ethIn": 0.0000342207013825792,
      "tokens": 0.22636335174647393,
      "entryTime": 1773840113845,
      "conf": 67
    },
    "KEYCAT": {
      "entryPrice": 0.000585,
      "ethIn": 0.00003079863124432128,
      "tokens": 116.45862741160401,
      "entryTime": 1773840231912,
      "conf": 61
    },
    "AIXBT": {
      "entryPrice": 0.02456,
      "ethIn": 0.00003313074624516017,
      "tokens": 2.920472178875838,
      "entryTime": 1773848452395,
      "conf": 67
    },
    "DEGEN": {
      "entryPrice": 0.000763102690922768,
      "ethIn": 0.0000692024470208372,
      "tokens": 198.03640045324968,
      "entryTime": 1773880006266,
      "conf": 74
    },
    "SEAM": {
      "entryPrice": 0.106476287785967,
      "ethIn": 0.0000654021361525604,
      "tokens": 1.3394130621033975,
      "entryTime": 1773881098762,
      "conf": 64
    },
    "BRETT": {
      "entryPrice": 0.00751374187081233,
      "ethIn": 0.00006518199148010442,
      "tokens": 18.964708078480413,
      "entryTime": 1773888844866,
      "conf": 63
    }
  },
  "waveStats": {
    "AIXBT": {
      "wins": 33,
      "losses": 41,
      "totalPnlEth": 0.031114378963937213,
      "biggestWavePct": 742.973030572464,
      "biggestWaveUsd": 3.824134530430913,
      "fastestWaveMs": null,
      "fastestWavePct": 0,
      "medals": {
        "gold": 11,
        "silver": 1,
        "bronze": 21
      },
      "piggyContrib": 0.00011153517888158939
    },
    "KEYCAT": {
      "wins": 13,
      "losses": 3,
      "totalPnlEth": 0.007899247269526614,
      "biggestWavePct": 42.127418999457056,
      "biggestWaveUsd": 1.373813132189298,
      "fastestWaveMs": null,
      "fastestWavePct": 0,
      "medals": {
        "gold": 6,
        "silver": 1,
        "bronze": 6
      },
      "piggyContrib": 0.000030139577706612997
    },
    "PRIME": {
      "wins": 24,
      "losses": 6,
      "totalPnlEth": 0.03771293111019559,
      "biggestWavePct": 88.51699652106673,
      "biggestWaveUsd": 3.214067596465681,
      "fastestWaveMs": null,
      "fastestWavePct": 0,
      "medals": {
        "gold": 17,
        "silver": 1,
        "bronze": 6
      },
      "piggyContrib": 0.00013944721309186832
    },
    "DEGEN": {
      "wins": 30,
      "losses": 1,
      "totalPnlEth": 0.051463278610189234,
      "biggestWavePct": 937.1192239371558,
      "biggestWaveUsd": 9.84750095704892,
      "fastestWaveMs": null,
      "fastestWavePct": 0,
      "medals": {
        "gold": 12,
        "silver": 2,
        "bronze": 16
      },
      "piggyContrib": 0.0002029510882206639
    },
    "AERO": {
      "wins": 7,
      "losses": 0,
      "totalPnlEth": 0.009844737082706867,
      "biggestWavePct": 1.8652020955406208,
      "biggestWaveUsd": 0.09723435912539369,
      "fastestWaveMs": 11625636,
      "fastestWavePct": 0.813718215516129,
      "medals": {
        "gold": 0,
        "silver": 0,
        "bronze": 7
      },
      "piggyContrib": 0.00003523621597197022
    },
    "XCN": {
      "wins": 16,
      "losses": 4,
      "totalPnlEth": 0.016812551865219662,
      "biggestWavePct": 45.34064638859594,
      "biggestWaveUsd": 0.34725209085681474,
      "fastestWaveMs": null,
      "fastestWavePct": 0,
      "medals": {
        "gold": 7,
        "silver": 0,
        "bronze": 9
      },
      "piggyContrib": 0.000059854390230517326
    },
    "TOSHI": {
      "wins": 4,
      "losses": 1,
      "totalPnlEth": 0.0019595003892757612,
      "biggestWavePct": 131.66239719145335,
      "biggestWaveUsd": 2.794417084206194,
      "fastestWaveMs": 311997,
      "fastestWavePct": 131.66239719145335,
      "medals": {
        "gold": 1,
        "silver": 0,
        "bronze": 3
      },
      "piggyContrib": 0.00000823431506903172
    },
    "BRETT": {
      "wins": 13,
      "losses": 2,
      "totalPnlEth": 0.00759720631522903,
      "biggestWavePct": 94.56920478459506,
      "biggestWaveUsd": 0.9594522889549799,
      "fastestWaveMs": 1756333,
      "fastestWavePct": 19.175217687268585,
      "medals": {
        "gold": 9,
        "silver": 0,
        "bronze": 4
      },
      "piggyContrib": 0.00003527997172055462
    },
    "VIRTUAL": {
      "wins": 11,
      "losses": 4,
      "totalPnlEth": 0.014803132805220519,
      "biggestWavePct": 26.50998473707181,
      "biggestWaveUsd": 0.27386145408067364,
      "fastestWaveMs": null,
      "fastestWavePct": 0,
      "medals": {
        "gold": 2,
        "silver": 0,
        "bronze": 9
      },
      "piggyContrib": 0.00005071492309094121
    },
    "SEAM": {
      "wins": 1,
      "losses": 1,
      "totalPnlEth": 0.000011889372132378034,
      "biggestWavePct": 0,
      "biggestWaveUsd": 0,
      "fastestWaveMs": null,
      "fastestWavePct": 0,
      "medals": {
        "gold": 0,
        "silver": 0,
        "bronze": 1
      },
      "piggyContrib": 3.963124044126011e-8
    },
    "BNKR": {
      "wins": 8,
      "losses": 1,
      "totalPnlEth": 0.006508309881962911,
      "biggestWavePct": 0,
      "biggestWaveUsd": 0,
      "fastestWaveMs": null,
      "fastestWavePct": 0,
      "medals": {
        "gold": 0,
        "silver": 0,
        "bronze": 8
      },
      "piggyContrib": 0.000021694366273209702
    },
    "ZORA": {
      "wins": 3,
      "losses": 1,
      "totalPnlEth": 0.0012909942185638538,
      "biggestWavePct": 0,
      "biggestWaveUsd": 0,
      "fastestWaveMs": null,
      "fastestWavePct": 0,
      "medals": {
        "gold": 0,
        "silver": 0,
        "bronze": 3
      },
      "piggyContrib": 0.0000043033140618795125
    },
    "TYBG": {
      "wins": 5,
      "losses": 1,
      "totalPnlEth": 0.0018399636020495617,
      "biggestWavePct": 0,
      "biggestWaveUsd": 0,
      "fastestWaveMs": null,
      "fastestWavePct": 0,
      "medals": {
        "gold": 0,
        "silver": 0,
        "bronze": 5
      },
      "piggyContrib": 0.0000061332120068318725
    },
    "HIGHER": {
      "wins": 23,
      "losses": 1,
      "totalPnlEth": 0.040973413726072654,
      "biggestWavePct": 215.62816728710135,
      "biggestWaveUsd": 0.21452340078566656,
      "fastestWaveMs": 48604,
      "fastestWavePct": 10.116579238703718,
      "medals": {
        "gold": 15,
        "silver": 4,
        "bronze": 4
      },
      "piggyContrib": 0.00014723927118890813
    }
  },
  "entries": {
    "AERO": null,
    "BRETT": null,
    "VIRTUAL": null,
    "MORPHO": null,
    "CBBTC": null,
    "DEGEN": null,
    "WELL": 0.00495199514442541,
    "SEAM": null,
    "AIXBT": null,
    "TOSHI": null,
    "KITE": null,
    "KEYCAT": null,
    "DOGINME": null,
    "XCN": null,
    "SKI": null,
    "PRIME": null,
    "LUNA": null,