{
  "lastSaved": "2026-03-17T16:54:40.598Z",
  "piggyBank": 0.0002912117455416843,
  "totalSkimmed": 0.0007762850042322317,
  "tradeCount": 322,
  "predFund": 0.00013191350203122388,
  "predFundPnl": -0.000016907930236776266,
  "predFundTrades": 15,
  "agentCapital": 0.00022136618930703136,
  "agentPnl": 0,
  "piggyCoPnl": -0.000019192284084603093,
  "predFundPositions": {
    "BRETT": {
      "entryPrice": 0.008258,
      "ethIn": 0.00007254475703903125,
      "tokens": 20.56089682660429,
      "entryTime": 1773704413414,
      "conf": 62,
      "phase": 43.679061736391645
    }
  },
  "piggyCoPositions": {
    "BRETT": {
      "entryPrice": 0.008258,
      "ethIn": 0.000023148595991881165,
      "tokens": 6.560858610550391,
      "entryTime": 1773704413414,
      "conf": 62
    }
  },
  "waveStats": {
    "AIXBT": {
      "wins": 17,
      "losses": 39,
      "totalPnlEth": 0.00855517457476105,
      "biggestWavePct": 0,
      "biggestWaveUsd": 0,
      "fastestWaveMs": null,
      "fastestWavePct": 0,
      "medals": {
        "gold": 0,
        "silver": 0,
        "bronze": 17
      },
      "piggyContrib": 0.000028517248582536843
    },
    "KEYCAT": {
      "wins": 7,
      "losses": 3,
      "totalPnlEth": 0.0016296664594427435,
      "biggestWavePct": 7.641290653695444,
      "biggestWaveUsd": 0.11318845658407284,
      "fastestWaveMs": null,
      "fastestWavePct": 0,
      "medals": {
        "gold": 2,
        "silver": 0,
        "bronze": 5
      },
      "piggyContrib": 0.000006641148246338356
    },
    "PRIME": {
      "wins": 2,
      "losses": 4,
      "totalPnlEth": 0.0051933173788823485,
      "biggestWavePct": 2.9353398309358587,
      "biggestWaveUsd": 0.2943649848917467,
      "fastestWaveMs": null,
      "fastestWavePct": 0,
      "medals": {
        "gold": 0,
        "silver": 1,
        "bronze": 1
      },
      "piggyContrib": 0.000017311057929607828
    },
    "DEGEN": {
      "wins": 11,
      "losses": 1,
      "totalPnlEth": 0.0040459342112051724,
      "biggestWavePct": 2.204859551078612,
      "biggestWaveUsd": 0.07494048185149893,
      "fastestWaveMs": null,
      "fastestWavePct": 0,
      "medals": {
        "gold": 0,
        "silver": 0,
        "bronze": 11
      },
      "piggyContrib": 0.000013943282325256564
    },
    "AERO": {
      "wins": 7,
      "losses": 0,
      "totalPnlEth": 0.009844737082706867,
      "biggestWavePct": 1.8652020955406208,
      "biggestWaveUsd": 0.09723435912539369,
      "fastestWaveMs": 11625636,
      "fastestWavePct": 0.813718215516129,
      "medals": {
        "gold": 0,
        "silver": 0,
        "bronze": 7
      },
      "piggyContrib": 0.00003523621597197022
    },
    "XCN": {
      "wins": 7,
      "losses": 1,
      "totalPnlEth": 0.00300317232252956,
      "biggestWavePct": 0,
      "biggestWaveUsd": 0,
      "fastestWaveMs": null,
      "fastestWavePct": 0,
      "medals": {
        "gold": 0,
        "silver": 0,
        "bronze": 7
      },
      "piggyContrib": 0.000010010574408431866
    },
    "TOSHI": {
      "wins": 4,
      "losses": 1,
      "totalPnlEth": 0.0019595003892757612,
      "biggestWavePct": 131.66239719145335,
      "biggestWaveUsd": 2.794417084206194,
      "fastestWaveMs": 311997,
      "fastestWavePct": 131.66239719145335,
      "medals": {
        "gold": 1,
        "silver": 0,
        "bronze": 3
      },
      "piggyContrib": 0.00000823431506903172
    },
    "BRETT": {
      "wins": 9,
      "losses": 0,
      "totalPnlEth": 0.005768610499318312,
      "biggestWavePct": 82.9396859263693,
      "biggestWaveUsd": 0.15394502626608006,
      "fastestWaveMs": 1756333,
      "fastestWavePct": 19.175217687268585,
      "medals": {
        "gold": 8,
        "silver": 0,
        "bronze": 1
      },
      "piggyContrib": 0.000028412469882872735
    },
    "VIRTUAL": {
      "wins": 7,
      "losses": 3,
      "totalPnlEth": 0.010274772076127713,
      "biggestWavePct": 26.50998473707181,
      "biggestWaveUsd": 0.27386145408067364,
      "fastestWaveMs": null,
      "fastestWavePct": 0,
      "medals": {
        "gold": 2,
        "silver": 0,
        "bronze": 5
      },
      "piggyContrib": 0.00003504254930064165
    },
    "SEAM": {
      "wins": 1,
      "losses": 1,
      "totalPnlEth": 0.000011889372132378034,
      "biggestWavePct": 0,
      "biggestWaveUsd": 0,
      "fastestWaveMs": null,
      "fastestWavePct": 0,
      "medals": {
        "gold": 0,
        "silver": 0,
        "bronze": 1
      },
      "piggyContrib": 3.963124044126011e-8
    },
    "BNKR": {
      "wins": 8,
      "losses": 0,
      "totalPnlEth": 0.006508309881962911,
      "biggestWavePct": 0,
      "biggestWaveUsd": 0,
      "fastestWaveMs": null,
      "fastestWavePct": 0,
      "medals": {
        "gold": 0,
        "silver": 0,
        "bronze": 8
      },
      "piggyContrib": 0.000021694366273209702
    }
  },
  "entries": {
    "AERO": null,
    "BRETT": null,
    "VIRTUAL": null,
    "MORPHO": null,
    "CBBTC": null,
    "DEGEN": null,
    "WELL": null,
    "SEAM": null,
    "AIXBT": null,
    "TOSHI": null,
    "KITE": null,
    "KEYCAT": null,
    "DOGINME": null,
    "XCN": null,
    "SKI": null,
    "PRIME": null,
    "LUNA": null,
    "HIGHER": null,
    "MOCHI": null,
    "ZORA": null,
    "BNKR": null,
    "TYBG": null,
    "MIGGLES": null,
    "BENJI": null,
    "ROOST": null,
    "TALENT": null,
    "MOG": null,
    "TOBY": null,
    "GAME": null,
    "SIMBA": null,
    "CRASH": null,
    "BASE": null,
    "BRIUN": null,
    "NORMIE": null,
    "OGGY": null,
    "FREN": null
  },
  "invested": {
    "AERO": 0,
    "BRETT": 0,
    "VIRTUAL": 0,
    "MORPHO": 0,
    "CBBTC": 0,
    "DEGEN": 0,
    "WELL": 0,
    "SEAM": 0,
    "AIXBT": 0,
    "TOSHI": 0,
    "KITE": 0,
    "KEYCAT": 0,
    "DOGINME": 0,
    "XCN": 0,
    "SKI": 0,
    "PRIME": 0,
    "LUNA": 0,
    "HIGHER": 0,
    "MOCHI": 0,
    "ZORA": 0,
    "BNKR": 0,
    "TYBG": 0,
    "MIGGLES": 0,
    "BENJI": 0,
    "ROOST": 0,
    "TALENT": 0,
    "MOG": 0,
    "TOBY": 0,
    "GAME": 0,
    "SIMBA": 0,
    "CRASH": 0,
    "BASE": 0,
    "BRIUN": 0,
    "NORMIE": 0,
    "OGGY": 0,
    "FREN": 0
  },
  "entryTimes": {
    "AERO": null,
    "BRETT": null,
    "VIRTUAL": null,
    "MORPHO": null,
    "CBBTC": null,
    "DEGEN": null,
    "WELL": null,
    "SEAM": null,
    "AIXBT": null,
    "TOSHI": null,
    "KITE": null,
    "KEYCAT": null,
    "DOGINME": null,
    "XCN": null,
    "SKI": null,
    "PRIME": null,
    "LUNA": null,
    "HIGHER": null,
    "MOCHI": null,
    "ZORA": null,
    "BNKR": null,
    "TYBG": null,
    "MIGGLES": null,
    "BENJI": null,
    "ROOST": null,
    "TALENT": null,
    "MOG": null,
    "TOBY": null,
    "GAME": null,
    "SIMBA": null,
    "CRASH": null,
    "BASE": null,
    "BRIUN": null,
    "NORMIE": null,
    "OGGY": null,
    "FREN": null
  },
  "piggyContrib": {
    "AERO": 0.00003523621597197022,
    "BRETT": 0.000028412469882872735,
    "VIRTUAL": 0.00003504254930064165,
    "MORPHO": 0,
    "CBBTC": 0,
    "DEGEN": 0.000013943282325256564,
    "WELL": 0,
    "SEAM": 3.963124044126011e-8,
    "AIXBT": 0.000028517248582536843,
    "TOSHI": 0.00000823431506903172,
    "KITE": 0,
    "KEYCAT": 0.000006641148246338356,
    "DOGINME": 0,
    "XCN": 0.000010010574408431866,
    "SKI": 0,
    "PRIME": 0.000017311057929607828,
    "LUNA": 0,
    "HIGHER": 0,
    "MOCHI": 0,
    "ZORA": 0,
    "BNKR": 0.000021694366273209702,
    "TYBG": 0,
    "MIGGLES": 0,
    "BENJI": 0,
    "ROOST": 0,
    "TALENT": 0,
    "MOG": 0,
    "TOBY": 0,
    "GAME": 0,
    "SIMBA": 0,
    "CRASH": 0,
    "BASE": 0,
    "BRIUN": 0,
    "NORMIE": 0,
    "OGGY": 0,
    "FREN": 0
  },
  "tradeLog": [
    {
      "type": "SELL",
      "symbol": "VIRTUAL",
      "price": 0.777576927040245,
      "receivedEth": 0.005863229152441105,
      "netUsd": 13.638574596076303,
      "timestamp": "2026-03-17T15:26:18.879Z",