{
  "lastSaved": "2026-03-14T19:32:26.111Z",
  "piggyBank": 0.0001485142661041865,
  "totalSkimmed": 0.00022269938978949677,
  "tradeCount": 107,
  "predFund": 0.00003683765115945314,
  "predFundPnl": 0,
  "predFundTrades": 0,
  "agentCapital": 0.00003683765115945314,
  "agentPnl": 0,
  "piggyCoPnl": -5.09821366403975e-7,
  "predFundPositions": {},
  "piggyCoPositions": {},
  "waveStats": {
    "AIXBT": {
      "wins": 0,
      "losses": 1,
      "totalPnlEth": 0,
      "biggestWavePct": 0,
      "biggestWaveUsd": 0,
      "fastestWaveMs": null,
      "fastestWavePct": 0,
      "medals": {
        "gold": 0,
        "silver": 0,
        "bronze": 0
      },
      "piggyContrib": 0
    },
    "KEYCAT": {
      "wins": 1,
      "losses": 1,
      "totalPnlEth": 0.00040285918360553923,
      "biggestWavePct": 5.539509915804989,
      "biggestWaveUsd": 0.083470753538746,
      "fastestWaveMs": null,
      "fastestWavePct": 0,
      "medals": {
        "gold": 1,
        "silver": 0,
        "bronze": 0
      },
      "piggyContrib": 0.000002551790660214343
    },
    "PRIME": {
      "wins": 0,
      "losses": 4,
      "totalPnlEth": 0,
      "biggestWavePct": 0,
      "biggestWaveUsd": 0,
      "fastestWaveMs": null,
      "fastestWavePct": 0,
      "medals": {
        "gold": 0,
        "silver": 0,
        "bronze": 0
      },
      "piggyContrib": 0
    },
    "DEGEN": {
      "wins": 3,
      "losses": 0,
      "totalPnlEth": 0.001741950012639215,
      "biggestWavePct": 2.204859551078612,
      "biggestWaveUsd": 0.07494048185149893,
      "fastestWaveMs": null,
      "fastestWavePct": 0,
      "medals": {
        "gold": 0,
        "silver": 0,
        "bronze": 3
      },
      "piggyContrib": 0.000005806500042130717
    },
    "AERO": {
      "wins": 1,
      "losses": 0,
      "totalPnlEth": 0.0004939328616479688,
      "biggestWavePct": 0.813718215516129,
      "biggestWaveUsd": 0.020434122440280422,
      "fastestWaveMs": 11625636,
      "fastestWavePct": 0.813718215516129,
      "medals": {
        "gold": 0,
        "silver": 0,
        "bronze": 1
      },
      "piggyContrib": 0.000004066868568440567
    },
    "XCN": {
      "wins": 1,
      "losses": 1,
      "totalPnlEth": 0.00007211268440707576,
      "biggestWavePct": 0,
      "biggestWaveUsd": 0,
      "fastestWaveMs": null,
      "fastestWavePct": 0,
      "medals": {
        "gold": 0,
        "silver": 0,
        "bronze": 1
      },
      "piggyContrib": 2.4037561469025256e-7
    },
    "TOSHI": {
      "wins": 1,
      "losses": 0,
      "totalPnlEth": 0.0018558417277516443,
      "biggestWavePct": 131.66239719145335,
      "biggestWaveUsd": 2.794417084206194,
      "fastestWaveMs": 311997,
      "fastestWavePct": 131.66239719145335,
      "medals": {
        "gold": 1,
        "silver": 0,
        "bronze": 0
      },
      "piggyContrib": 0.000007888786197284663
    }
  },
  "entries": {
    "AERO": 0.320272722084969,
    "BRETT": null,
    "VIRTUAL": 0.720859251884183,
    "MORPHO": null,
    "CBBTC": null,
    "DEGEN": null,
    "WELL": null,
    "SEAM": null,
    "AIXBT": 0.02573,
    "TOSHI": 0.00021682008447200283,
    "KITE": null,
    "KEYCAT": 0.0005594,
    "DOGINME": null,
    "XCN": null,
    "SKI": null,
    "PRIME": 0.4041,
    "LUNA": null,
    "HIGHER": null,
    "MOCHI": null,
    "ZORA": null,
    "BNKR": null,
    "TYBG": null,
    "MIGGLES": null,
    "NORMIE": null,
    "BENJI": null,
    "ROOST": null,
    "TALENT": null
  },
  "invested": {
    "AERO": 0.0018153192722105032,
    "BRETT": 0,
    "VIRTUAL": 0.0022454899759640165,
    "MORPHO": 0,
    "CBBTC": 0,
    "DEGEN": 0,
    "WELL": 0,
    "SEAM": 0,
    "AIXBT": 0.005863335348679616,
    "TOSHI": 0.002465683718589276,
    "KITE": 0,
    "KEYCAT": 0.000725356028917527,
    "DOGINME": 0,
    "XCN": 0,
    "SKI": 0,
    "PRIME": 0.004855824175410998,
    "LUNA": 0,
    "HIGHER": 0,
    "MOCHI": 0,
    "ZORA": 0,
    "BNKR": 0,
    "TYBG": 0,
    "MIGGLES": 0,
    "NORMIE": 0,
    "BENJI": 0,
    "ROOST": 0,
    "TALENT": 0
  },
  "entryTimes": {
    "AERO": 1773486482122,
    "BRETT": null,
    "VIRTUAL": 1773445428640,
    "MORPHO": null,
    "CBBTC": null,
    "DEGEN": null,
    "WELL": null,
    "SEAM": null,
    "AIXBT": 1773482579742,
    "TOSHI": 1773516618031,
    "KITE": null,
    "KEYCAT": 1773482852420,
    "DOGINME": null,
    "XCN": null,
    "SKI": null,
    "PRIME": 1773503480612,
    "LUNA": null,
    "HIGHER": null,
    "MOCHI": null,
    "ZORA": null,
    "BNKR": null,
    "TYBG": null,
    "MIGGLES": null,
    "NORMIE": null,
    "BENJI": null,
    "ROOST": null,
    "TALENT": null
  },
  "tradeLog": [
    {
      "type": "BUY",
      "symbol": "TOSHI",
      "price": 0.000216,
      "ethSpent": 0.000722087699958119,
      "timestamp": "2026-03-14T19:17:39.988Z",
      "tx": "0xfd2c8dbbf3f0ae75e2d297e04473e359870f4ad420bc577e320adb86f174c435",
      "reason": "🎯 MIN TROUGH [PRIORITY] unconfirmed",
      "indScore": 0
    },
    {
      "type": "BUY",
      "symbol": "TOSHI",
      "price": 0.0002161,
      "ethSpent": 0.0007218166681905018,
      "timestamp": "2026-03-14T19:20:03.476Z",
      "tx": "0x73f2f38fd3701bbd0d3b06b5654b664631e2af6e322a7442f45785f9aa1938e3",
      "reason": "🎯 MIN TROUGH [PRIORITY] unconfirmed",
      "indScore": 0
    },
    {
      "type": "SELL",
      "symbol": "KEYCAT",
      "price": 0.000588,
      "receivedEth": 0.0007655371980643028,
      "netUsd": 0.083470753538746,
      "timestamp": "2026-03-14T19:23:30.052Z",
      "tx": "0x2aa8b1e1681caa63a41c85eb1d39c4d045a2db109d0f68f022ca9b7fbac9674b",
      "reason": "⏰ STALE CASCADE — 6min no movement",
      "indScore": 0
    },
    {
      "type": "SELL",
      "symbol": "TOSHI",
      "price": 0.000216,
      "receivedEth": 0.0023666358591853992,
      "netUsd": 2.794417084206194,
      "timestamp": "2026-03-14T19:25:14.365Z",
      "tx": "0x9e504bcee1b96b41594e323faf1c42ee454913088b6e6eb3a2af0449ee3d5956",
      "reason": "⏰ STALE CASCADE — 5min no movement",
      "indScore": 0
    },
    {
      "type": "BUY",
      "symbol": "TOSHI",
      "price": 0.000216,
      "ethSpent": 0.0007220286115871151,
      "timestamp": "2026-03-14T19:27:41.324Z",
      "tx": "0xcbeb8232d895d08304a76c5f70248f2b069faa57963666ced4d71138915e4541",
      "reason": "🎯 MIN TROUGH [PRIORITY] unconfirmed",
      "indScore": 0
    },
    {
      "type": "BUY",
      "symbol": "TOSHI",
      "price": 0.000216,
      "ethSpent": 0.0007220668441346511,
      "timestamp": "2026-03-14T19:30:18.031Z",
      "tx": "0xf29e6345bf3d1897748c0df4e772461f40bfffc0ec4de75b444ad77975d4e742",
      "reason": "🎯 MIN TROUGH [PRIORITY] unconfirmed",
      "indScore": 0
    }
  ]
}