{
  "lastSaved": "2026-03-16T05:56:01.364Z",
  "piggyBank": 0.0002011035696107659,
  "totalSkimmed": 0.00046091081762148953,
  "tradeCount": 259,
  "predFund": 0.00011624146043678408,
  "predFundPnl": 0,
  "predFundTrades": 0,
  "agentCapital": 0.00011624146043678408,
  "agentPnl": 0,
  "piggyCoPnl": -0.000008030317604471129,
  "predFundPositions": {},
  "piggyCoPositions": {
    "VIRTUAL": {
      "entryPrice": 0.764143317007474,
      "ethIn": 0.00001929400953268429,
      "tokens": 0.05677051246163089,
      "entryTime": 1773636445855,
      "conf": 62
    }
  },
  "waveStats": {
    "AIXBT": {
      "wins": 11,
      "losses": 39,
      "totalPnlEth": 0,
      "biggestWavePct": 0,
      "biggestWaveUsd": 0,
      "fastestWaveMs": null,
      "fastestWavePct": 0,
      "medals": {
        "gold": 0,
        "silver": 0,
        "bronze": 11
      },
      "piggyContrib": 0
    },
    "KEYCAT": {
      "wins": 4,
      "losses": 2,
      "totalPnlEth": 0.0011978542687499328,
      "biggestWavePct": 7.641290653695444,
      "biggestWaveUsd": 0.11318845658407284,
      "fastestWaveMs": null,
      "fastestWavePct": 0,
      "medals": {
        "gold": 2,
        "silver": 0,
        "bronze": 2
      },
      "piggyContrib": 0.0000052017742773623205
    },
    "PRIME": {
      "wins": 2,
      "losses": 4,
      "totalPnlEth": 0.0051933173788823485,
      "biggestWavePct": 2.9353398309358587,
      "biggestWaveUsd": 0.2943649848917467,
      "fastestWaveMs": null,
      "fastestWavePct": 0,
      "medals": {
        "gold": 0,
        "silver": 1,
        "bronze": 1
      },
      "piggyContrib": 0.000017311057929607828
    },
    "DEGEN": {
      "wins": 10,
      "losses": 0,
      "totalPnlEth": 0.0037447849749619984,
      "biggestWavePct": 2.204859551078612,
      "biggestWaveUsd": 0.07494048185149893,
      "fastestWaveMs": null,
      "fastestWavePct": 0,
      "medals": {
        "gold": 0,
        "silver": 0,
        "bronze": 10
      },
      "piggyContrib": 0.000012939451537779317
    },
    "AERO": {
      "wins": 5,
      "losses": 0,
      "totalPnlEth": 0.004656132151979632,
      "biggestWavePct": 1.8652020955406208,
      "biggestWaveUsd": 0.09723435912539369,
      "fastestWaveMs": 11625636,
      "fastestWavePct": 0.813718215516129,
      "medals": {
        "gold": 0,
        "silver": 0,
        "bronze": 5
      },
      "piggyContrib": 0.000017940866202879444
    },
    "XCN": {
      "wins": 4,
      "losses": 1,
      "totalPnlEth": 0.001942031443870809,
      "biggestWavePct": 0,
      "biggestWaveUsd": 0,
      "fastestWaveMs": null,
      "fastestWavePct": 0,
      "medals": {
        "gold": 0,
        "silver": 0,
        "bronze": 4
      },
      "piggyContrib": 0.000006473438146236029
    },
    "TOSHI": {
      "wins": 1,
      "losses": 0,
      "totalPnlEth": 0.0018558417277516443,
      "biggestWavePct": 131.66239719145335,
      "biggestWaveUsd": 2.794417084206194,
      "fastestWaveMs": 311997,
      "fastestWavePct": 131.66239719145335,
      "medals": {
        "gold": 1,
        "silver": 0,
        "bronze": 0
      },
      "piggyContrib": 0.000007888786197284663
    },
    "BRETT": {
      "wins": 1,
      "losses": 0,
      "totalPnlEth": 0.001100420200219324,
      "biggestWavePct": 19.175217687268585,
      "biggestWaveUsd": 0.6366518197473701,
      "fastestWaveMs": 1756333,
      "fastestWavePct": 19.175217687268585,
      "medals": {
        "gold": 1,
        "silver": 0,
        "bronze": 0
      },
      "piggyContrib": 0.000006319354497805068
    },
    "VIRTUAL": {
      "wins": 5,
      "losses": 3,
      "totalPnlEth": 0.003969018110400435,
      "biggestWavePct": 26.50998473707181,
      "biggestWaveUsd": 0.27386145408067364,
      "fastestWaveMs": null,
      "fastestWavePct": 0,
      "medals": {
        "gold": 2,
        "silver": 0,
        "bronze": 3
      },
      "piggyContrib": 0.000014023369414884048
    },
    "SEAM": {
      "wins": 0,
      "losses": 1,
      "totalPnlEth": 0,
      "biggestWavePct": 0,
      "biggestWaveUsd": 0,
      "fastestWaveMs": null,
      "fastestWavePct": 0,
      "medals": {
        "gold": 0,
        "silver": 0,
        "bronze": 0
      },
      "piggyContrib": 0
    },
    "BNKR": {
      "wins": 4,
      "losses": 0,
      "totalPnlEth": 0.0035580096468758177,
      "biggestWavePct": 0,
      "biggestWaveUsd": 0,
      "fastestWaveMs": null,
      "fastestWavePct": 0,
      "medals": {
        "gold": 0,
        "silver": 0,
        "bronze": 4
      },
      "piggyContrib": 0.000011860032156252726
    }
  },
  "entries": {
    "AERO": null,
    "BRETT": 0.007277418397606461,
    "VIRTUAL": 0.764648111379223,
    "MORPHO": null,
    "CBBTC": null,
    "DEGEN": null,
    "WELL": null,
    "SEAM": null,
    "AIXBT": null,
    "TOSHI": 0.000211873036716628,
    "KITE": null,
    "KEYCAT": 0.000606562228765133,
    "DOGINME": null,
    "XCN": null,
    "SKI": null,
    "PRIME": null,
    "LUNA": null,
    "HIGHER": null,
    "MOCHI": null,
    "ZORA": null,
    "BNKR": null,
    "TYBG": null,
    "MIGGLES": null,
    "BENJI": null,
    "ROOST": null,
    "TALENT": null
  },
  "invested": {
    "AERO": 0,
    "BRETT": 0.004764500899556957,
    "VIRTUAL": 0.003152649487928547,
    "MORPHO": 0,
    "CBBTC": 0,
    "DEGEN": 0,
    "WELL": 0,
    "SEAM": 0,
    "AIXBT": 0,
    "TOSHI": 0.005582986486127196,
    "KITE": 0,
    "KEYCAT": 0.000698984608358924,
    "DOGINME": 0,
    "XCN": 0,
    "SKI": 0,
    "PRIME": 0,
    "LUNA": 0,
    "HIGHER": 0,
    "MOCHI": 0,
    "ZORA": 0,
    "BNKR": 0,
    "TYBG": 0,
    "MIGGLES": 0,
    "BENJI": 0,
    "ROOST": 0,
    "TALENT": 0
  },
  "entryTimes": {
    "AERO": null,
    "BRETT": 1773532458398,
    "VIRTUAL": 1773639943714,
    "MORPHO": null,
    "CBBTC": null,
    "DEGEN": null,
    "WELL": null,
    "SEAM": null,
    "AIXBT": null,
    "TOSHI": 1773540517147,
    "KITE": null,
    "KEYCAT": 1773612424001,
    "DOGINME": null,
    "XCN": null,
    "SKI": null,
    "PRIME": null,
    "LUNA": null,
    "HIGHER": null,
    "MOCHI": null,
    "ZORA": null,
    "BNKR": null,
    "TYBG": null,
    "MIGGLES": null,
    "BENJI": null,
    "ROOST": null,
    "TALENT": null
  },
  "piggyContrib": {
    "AERO": 0.000017940866202879444,
    "BRETT": 0.000006319354497805068,
    "VIRTUAL": 0.000014023369414884048,
    "MORPHO": 0,
    "CBBTC": 0,
    "DEGEN": 0.000012939451537779317,
    "WELL": 0,
    "SEAM": 0,
    "AIXBT": 0,
    "TOSHI": 0.000007888786197284663,
    "KITE": 0,
    "KEYCAT": 0.0000052017742773623205,
    "DOGINME": 0,
    "XCN": 0.000006473438146236029,
    "SKI": 0,
    "PRIME": 0.000017311057929607828,
    "LUNA": 0,
    "HIGHER": 0,
    "MOCHI": 0,
    "ZORA": 0,
    "BNKR": 0.000011860032156252726,
    "TYBG": 0,
    "MIGGLES": 0,
    "BENJI": 0,
    "ROOST": 0,
    "TALENT": 0
  },
  "tradeLog": [
    {
      "type": "SELL",
      "symbol": "AERO",
      "price": 0.351672367960649,
      "receivedEth": 0.0012450842150123036,
      "netUsd": 2.820439468898771,
      "timestamp": "2026-03-16T05:41:50.108Z",
      "tx": "0x92955ada00e553284cc168b8862752ac72eb8a3244e8be4f02ec6fe493299917",
      "reason": "🎯 MAX PEAK $0.34070000",
      "indScore": 0
    },
    {
      "type": "SELL",
      "symbol": "DEGEN",
      "price": 0.000872025609469569,
      "receivedEth": 0.0013358223371190856,
      "netUsd": 3.02598490738238,
      "timestamp": "2026-03-16T05:42:02.608Z",
      "tx": "0xf4f1e5c7deace8fb957b435df05c1cc9cdb4bb78435fe701d03926f2d324c025",
      "reason": "🎯 MAX PEAK $0.00083099",
      "indScore": 0
    },
    {
      "type": "SELL",
      "symbol": "XCN",
      "price": 0.0059019459446569,
      "receivedEth": 0.0017990802450902725,
      "netUsd": 4.075384515993191,
      "timestamp": "2026-03-16T05:42:19.536Z",
      "tx": "0x73bb3ebc65e104b45295781117d4341eac897ad411b770eb128a81c3a64a8b69",
      "reason": "🎯 MAX PEAK $0.00536800",