{
  "lastSaved": "2026-03-15T01:40:05.801Z",
  "piggyBank": 0.0001487698382878979,
  "totalSkimmed": 0.00027493728411247216,
  "tradeCount": 136,
  "predFund": 0.00005425028260044492,
  "predFundPnl": 0,
  "predFundTrades": 0,
  "agentCapital": 0.00005425028260044492,
  "agentPnl": 0,
  "piggyCoPnl": -0.000001136898591695706,
  "predFundPositions": {},
  "piggyCoPositions": {
    "PRIME": {
      "entryPrice": 0.4076,
      "ethIn": 0.000016529982031988657,
      "tokens": 0.08421148896496798,
      "entryTime": 1773535247132,
      "conf": 63
    }
  },
  "waveStats": {
    "AIXBT": {
      "wins": 0,
      "losses": 1,
      "totalPnlEth": 0,
      "biggestWavePct": 0,
      "biggestWaveUsd": 0,
      "fastestWaveMs": null,
      "fastestWavePct": 0,
      "medals": {
        "gold": 0,
        "silver": 0,
        "bronze": 0
      },
      "piggyContrib": 0
    },
    "KEYCAT": {
      "wins": 4,
      "losses": 1,
      "totalPnlEth": 0.0011978542687499328,
      "biggestWavePct": 7.641290653695444,
      "biggestWaveUsd": 0.11318845658407284,
      "fastestWaveMs": null,
      "fastestWavePct": 0,
      "medals": {
        "gold": 2,
        "silver": 0,
        "bronze": 2
      },
      "piggyContrib": 0.0000052017742773623205
    },
    "PRIME": {
      "wins": 0,
      "losses": 4,
      "totalPnlEth": 0,
      "biggestWavePct": 0,
      "biggestWaveUsd": 0,
      "fastestWaveMs": null,
      "fastestWavePct": 0,
      "medals": {
        "gold": 0,
        "silver": 0,
        "bronze": 0
      },
      "piggyContrib": 0
    },
    "DEGEN": {
      "wins": 3,
      "losses": 0,
      "totalPnlEth": 0.001741950012639215,
      "biggestWavePct": 2.204859551078612,
      "biggestWaveUsd": 0.07494048185149893,
      "fastestWaveMs": null,
      "fastestWavePct": 0,
      "medals": {
        "gold": 0,
        "silver": 0,
        "bronze": 3
      },
      "piggyContrib": 0.000005806500042130717
    },
    "AERO": {
      "wins": 2,
      "losses": 0,
      "totalPnlEth": 0.003026920859459591,
      "biggestWavePct": 1.8652020955406208,
      "biggestWaveUsd": 0.09723435912539369,
      "fastestWaveMs": 11625636,
      "fastestWavePct": 0.813718215516129,
      "medals": {
        "gold": 0,
        "silver": 0,
        "bronze": 2
      },
      "piggyContrib": 0.000012510161894479306
    },
    "XCN": {
      "wins": 1,
      "losses": 1,
      "totalPnlEth": 0.00007211268440707576,
      "biggestWavePct": 0,
      "biggestWaveUsd": 0,
      "fastestWaveMs": null,
      "fastestWavePct": 0,
      "medals": {
        "gold": 0,
        "silver": 0,
        "bronze": 1
      },
      "piggyContrib": 2.4037561469025256e-7
    },
    "TOSHI": {
      "wins": 1,
      "losses": 0,
      "totalPnlEth": 0.0018558417277516443,
      "biggestWavePct": 131.66239719145335,
      "biggestWaveUsd": 2.794417084206194,
      "fastestWaveMs": 311997,
      "fastestWavePct": 131.66239719145335,
      "medals": {
        "gold": 1,
        "silver": 0,
        "bronze": 0
      },
      "piggyContrib": 0.000007888786197284663
    },
    "BRETT": {
      "wins": 1,
      "losses": 0,
      "totalPnlEth": 0.001100420200219324,
      "biggestWavePct": 19.175217687268585,
      "biggestWaveUsd": 0.6366518197473701,
      "fastestWaveMs": 1756333,
      "fastestWavePct": 19.175217687268585,
      "medals": {
        "gold": 1,
        "silver": 0,
        "bronze": 0
      },
      "piggyContrib": 0.000006319354497805068
    }
  },
  "entries": {
    "AERO": null,
    "BRETT": 0.007277418397606461,
    "VIRTUAL": 0.720859251884183,
    "MORPHO": null,
    "CBBTC": null,
    "DEGEN": null,
    "WELL": null,
    "SEAM": 0.11388854142293478,
    "AIXBT": 0.02573,
    "TOSHI": 0.00021638267259734188,
    "KITE": null,
    "KEYCAT": null,
    "DOGINME": null,
    "XCN": null,
    "SKI": null,
    "PRIME": 0.4041,
    "LUNA": null,
    "HIGHER": null,
    "MOCHI": null,
    "ZORA": null,
    "BNKR": null,
    "TYBG": null,
    "MIGGLES": null,
    "BENJI": null,
    "ROOST": null,
    "TALENT": null
  },
  "invested": {
    "AERO": 0,
    "BRETT": 0.004764500899556957,
    "VIRTUAL": 0.0022454899759640165,
    "MORPHO": 0,
    "CBBTC": 0,
    "DEGEN": 0,
    "WELL": 0,
    "SEAM": 0.004306781064908509,
    "AIXBT": 0.005863335348679616,
    "TOSHI": 0.004626185466111733,
    "KITE": 0,
    "KEYCAT": 0,
    "DOGINME": 0,
    "XCN": 0,
    "SKI": 0,
    "PRIME": 0.004855824175410998,
    "LUNA": 0,
    "HIGHER": 0,
    "MOCHI": 0,
    "ZORA": 0,
    "BNKR": 0,
    "TYBG": 0,
    "MIGGLES": 0,
    "BENJI": 0,
    "ROOST": 0,
    "TALENT": 0
  },
  "entryTimes": {
    "AERO": null,
    "BRETT": 1773532458398,
    "VIRTUAL": 1773445428640,
    "MORPHO": null,
    "CBBTC": null,
    "DEGEN": null,
    "WELL": null,
    "SEAM": 1773535874539,
    "AIXBT": 1773482579742,
    "TOSHI": 1773528230291,
    "KITE": null,
    "KEYCAT": null,
    "DOGINME": null,
    "XCN": null,
    "SKI": null,
    "PRIME": 1773503480612,
    "LUNA": null,
    "HIGHER": null,
    "MOCHI": null,
    "ZORA": null,
    "BNKR": null,
    "TYBG": null,
    "MIGGLES": null,
    "BENJI": null,
    "ROOST": null,
    "TALENT": null
  },
  "tradeLog": []
}