{
  "lastSaved": "2026-03-14T22:07:29.039Z",
  "piggyBank": 0.00015061363257569998,
  "totalSkimmed": 0.00023035105918483672,
  "tradeCount": 115,
  "predFund": 0.000039388207624566455,
  "predFundPnl": 0,
  "predFundTrades": 0,
  "agentCapital": 0.000039388207624566455,
  "agentPnl": 0,
  "piggyCoPnl": -9.610113600038052e-7,
  "predFundPositions": {},
  "piggyCoPositions": {},
  "waveStats": {
    "AIXBT": {
      "wins": 0,
      "losses": 1,
      "totalPnlEth": 0,
      "biggestWavePct": 0,
      "biggestWaveUsd": 0,
      "fastestWaveMs": null,
      "fastestWavePct": 0,
      "medals": {
        "gold": 0,
        "silver": 0,
        "bronze": 0
      },
      "piggyContrib": 0
    },
    "KEYCAT": {
      "wins": 2,
      "losses": 1,
      "totalPnlEth": 0.0011680261231395333,
      "biggestWavePct": 7.641290653695444,
      "biggestWaveUsd": 0.11318845658407284,
      "fastestWaveMs": null,
      "fastestWavePct": 0,
      "medals": {
        "gold": 2,
        "silver": 0,
        "bronze": 0
      },
      "piggyContrib": 0.000005102347125327656
    },
    "PRIME": {
      "wins": 0,
      "losses": 4,
      "totalPnlEth": 0,
      "biggestWavePct": 0,
      "biggestWaveUsd": 0,
      "fastestWaveMs": null,
      "fastestWavePct": 0,
      "medals": {
        "gold": 0,
        "silver": 0,
        "bronze": 0
      },
      "piggyContrib": 0
    },
    "DEGEN": {
      "wins": 3,
      "losses": 0,
      "totalPnlEth": 0.001741950012639215,
      "biggestWavePct": 2.204859551078612,
      "biggestWaveUsd": 0.07494048185149893,
      "fastestWaveMs": null,
      "fastestWavePct": 0,
      "medals": {
        "gold": 0,
        "silver": 0,
        "bronze": 3
      },
      "piggyContrib": 0.000005806500042130717
    },
    "AERO": {
      "wins": 1,
      "losses": 0,
      "totalPnlEth": 0.0004939328616479688,
      "biggestWavePct": 0.813718215516129,
      "biggestWaveUsd": 0.020434122440280422,
      "fastestWaveMs": 11625636,
      "fastestWavePct": 0.813718215516129,
      "medals": {
        "gold": 0,
        "silver": 0,
        "bronze": 1
      },
      "piggyContrib": 0.000004066868568440567
    },
    "XCN": {
      "wins": 1,
      "losses": 1,
      "totalPnlEth": 0.00007211268440707576,
      "biggestWavePct": 0,
      "biggestWaveUsd": 0,
      "fastestWaveMs": null,
      "fastestWavePct": 0,
      "medals": {
        "gold": 0,
        "silver": 0,
        "bronze": 1
      },
      "piggyContrib": 2.4037561469025256e-7
    },
    "TOSHI": {
      "wins": 1,
      "losses": 0,
      "totalPnlEth": 0.0018558417277516443,
      "biggestWavePct": 131.66239719145335,
      "biggestWaveUsd": 2.794417084206194,
      "fastestWaveMs": 311997,
      "fastestWavePct": 131.66239719145335,
      "medals": {
        "gold": 1,
        "silver": 0,
        "bronze": 0
      },
      "piggyContrib": 0.000007888786197284663
    }
  },
  "entries": {
    "AERO": 0.32070148803209375,
    "BRETT": 0.007267043929339085,
    "VIRTUAL": 0.720859251884183,
    "MORPHO": null,
    "CBBTC": null,
    "DEGEN": null,
    "WELL": null,
    "SEAM": null,
    "AIXBT": 0.02573,
    "TOSHI": 0.00021664957512981632,
    "KITE": null,
    "KEYCAT": null,
    "DOGINME": null,
    "XCN": null,
    "SKI": null,
    "PRIME": 0.4041,
    "LUNA": null,
    "HIGHER": null,
    "MOCHI": null,
    "ZORA": null,
    "BNKR": null,
    "TYBG": null,
    "MIGGLES": null,
    "BENJI": null,
    "ROOST": null,
    "TALENT": null
  },
  "invested": {
    "AERO": 0.002537354834868749,
    "BRETT": 0.003181544596488785,
    "VIRTUAL": 0.0022454899759640165,
    "MORPHO": 0,
    "CBBTC": 0,
    "DEGEN": 0,
    "WELL": 0,
    "SEAM": 0,
    "AIXBT": 0.005863335348679616,
    "TOSHI": 0.003907385000329031,
    "KITE": 0,
    "KEYCAT": 0,
    "DOGINME": 0,
    "XCN": 0,
    "SKI": 0,
    "PRIME": 0.004855824175410998,
    "LUNA": 0,
    "HIGHER": 0,
    "MOCHI": 0,
    "ZORA": 0,
    "BNKR": 0,
    "TYBG": 0,
    "MIGGLES": 0,
    "BENJI": 0,
    "ROOST": 0,
    "TALENT": 0
  },
  "entryTimes": {
    "AERO": 1773518666339,
    "BRETT": 1773525967941,
    "VIRTUAL": 1773445428640,
    "MORPHO": null,
    "CBBTC": null,
    "DEGEN": null,
    "WELL": null,
    "SEAM": null,
    "AIXBT": 1773482579742,
    "TOSHI": 1773522666173,
    "KITE": null,
    "KEYCAT": null,
    "DOGINME": null,
    "XCN": null,
    "SKI": null,
    "PRIME": 1773503480612,
    "LUNA": null,
    "HIGHER": null,
    "MOCHI": null,
    "ZORA": null,
    "BNKR": null,
    "TYBG": null,
    "MIGGLES": null,
    "BENJI": null,
    "ROOST": null,
    "TALENT": null
  },
  "tradeLog": [
    {
      "type": "BUY",
      "symbol": "TOSHI",
      "price": 0.0002164,
      "ethSpent": 0.0007197213239033847,
      "timestamp": "2026-03-14T21:11:06.173Z",
      "tx": "0x4de5d19eec338116b3513b2de2b042f6aa4591ac4186701d778a124761689140",
      "reason": "🎯 MIN TROUGH [PRIORITY] unconfirmed",
      "indScore": 0
    },
    {
      "type": "SELL",
      "symbol": "KEYCAT",
      "price": 0.0005851,
      "receivedEth": 0.0007651669395339941,
      "netUsd": 0.11318845658407284,
      "timestamp": "2026-03-14T21:36:36.765Z",
      "tx": "0x6ea16533d694095d55e30e3db89f2951839511711171e07f897a0afbcb94c71f",
      "reason": "🚀 EARLY SELL RSI100 BB-upper near-peak $0.00060030",
      "indScore": 0
    },
    {
      "type": "BUY",
      "symbol": "BRETT",
      "price": 0.00727020612830458,
      "ethSpent": 0.0009089020443893092,
      "timestamp": "2026-03-14T21:58:29.894Z",
      "tx": "0xd6f8d7d4797600a579a279dcf9ee014cb6eb14a5f8376bbb2ba9a9abed78f714",
      "reason": "🎯 MIN TROUGH [PRIORITY]",
      "indScore": 2
    },
    {
      "type": "BUY",
      "symbol": "BRETT",
      "price": 0.00727152058049292,
      "ethSpent": 0.0008179198469791167,
      "timestamp": "2026-03-14T22:01:01.264Z",
      "tx": "0x451dd371cafa6018897b31cd13bcce0404b28f6a178cab7557eabbad3bd0ed3c",
      "reason": "🎯 MIN TROUGH [PRIORITY]",
      "indScore": 1
    },
    {
      "type": "BUY",
      "symbol": "BRETT",
      "price": 0.0072647238836218,
      "ethSpent": 0.000736035889669551,
      "timestamp": "2026-03-14T22:03:34.084Z",
      "tx": "0x35202f67d021c93195c37609cb4adcd934c2d03b73578602d6cbb4031b9d6bb0",
      "reason": "🎯 MIN TROUGH [PRIORITY] unconfirmed",
      "indScore": 0
    },
    {
      "type": "BUY",
      "symbol": "BRETT",
      "price": 0.00726035332488006,
      "ethSpent": 0.0007186868154508083,
      "timestamp": "2026-03-14T22:06:07.941Z",
      "tx": "0x1bbcb3d8d292ef2cfd1569e64d8ae95b4c58ae665d30bd623fdaf947a6bdd4ce",
      "reason": "🎯 MIN TROUGH [PRIORITY]",
      "indScore": 2
    }
  ]
}