{
  "lastSaved": "2026-03-15T14:09:42.332Z",
  "piggyBank": 0.00015392337317740698,
  "totalSkimmed": 0.00035527582797428565,
  "tradeCount": 177,
  "predFund": 0.00008102979722104942,
  "predFundPnl": 0,
  "predFundTrades": 0,
  "agentCapital": 0.00008102979722104942,
  "agentPnl": 0,
  "piggyCoPnl": -0.000003187377757610227,
  "predFundPositions": {},
  "piggyCoPositions": {
    "DEGEN": {
      "entryPrice": 0.0007736,
      "ethIn": 0.000019002885577457657,
      "tokens": 51.22897428216588,
      "entryTime": 1773580336165,
      "conf": 75
    },
    "SKI": {
      "entryPrice": 0.007346,
      "ethIn": 0.00001710259701971189,
      "tokens": 4.832366260101031,
      "entryTime": 1773581379564,
      "conf": 62
    }
  },
  "waveStats": {
    "AIXBT": {
      "wins": 0,
      "losses": 13,
      "totalPnlEth": 0,
      "biggestWavePct": 0,
      "biggestWaveUsd": 0,
      "fastestWaveMs": null,
      "fastestWavePct": 0,
      "medals": {
        "gold": 0,
        "silver": 0,
        "bronze": 0
      },
      "piggyContrib": 0
    },
    "KEYCAT": {
      "wins": 4,
      "losses": 2,
      "totalPnlEth": 0.0011978542687499328,
      "biggestWavePct": 7.641290653695444,
      "biggestWaveUsd": 0.11318845658407284,
      "fastestWaveMs": null,
      "fastestWavePct": 0,
      "medals": {
        "gold": 2,
        "silver": 0,
        "bronze": 2
      },
      "piggyContrib": 0.0000052017742773623205
    },
    "PRIME": {
      "wins": 2,
      "losses": 4,
      "totalPnlEth": 0.0051933173788823485,
      "biggestWavePct": 2.9353398309358587,
      "biggestWaveUsd": 0.2943649848917467,
      "fastestWaveMs": null,
      "fastestWavePct": 0,
      "medals": {
        "gold": 0,
        "silver": 1,
        "bronze": 1
      },
      "piggyContrib": 0.000017311057929607828
    },
    "DEGEN": {
      "wins": 3,
      "losses": 0,
      "totalPnlEth": 0.001741950012639215,
      "biggestWavePct": 2.204859551078612,
      "biggestWaveUsd": 0.07494048185149893,
      "fastestWaveMs": null,
      "fastestWavePct": 0,
      "medals": {
        "gold": 0,
        "silver": 0,
        "bronze": 3
      },
      "piggyContrib": 0.000005806500042130717
    },
    "AERO": {
      "wins": 3,
      "losses": 0,
      "totalPnlEth": 0.0032360425241952304,
      "biggestWavePct": 1.8652020955406208,
      "biggestWaveUsd": 0.09723435912539369,
      "fastestWaveMs": 11625636,
      "fastestWavePct": 0.813718215516129,
      "medals": {
        "gold": 0,
        "silver": 0,
        "bronze": 3
      },
      "piggyContrib": 0.00001320723411026477
    },
    "XCN": {
      "wins": 1,
      "losses": 1,
      "totalPnlEth": 0.00007211268440707576,
      "biggestWavePct": 0,
      "biggestWaveUsd": 0,
      "fastestWaveMs": null,
      "fastestWavePct": 0,
      "medals": {
        "gold": 0,
        "silver": 0,
        "bronze": 1
      },
      "piggyContrib": 2.4037561469025256e-7
    },
    "TOSHI": {
      "wins": 1,
      "losses": 0,
      "totalPnlEth": 0.0018558417277516443,
      "biggestWavePct": 131.66239719145335,
      "biggestWaveUsd": 2.794417084206194,
      "fastestWaveMs": 311997,
      "fastestWavePct": 131.66239719145335,
      "medals": {
        "gold": 1,
        "silver": 0,
        "bronze": 0
      },
      "piggyContrib": 0.000007888786197284663
    },
    "BRETT": {
      "wins": 1,
      "losses": 0,
      "totalPnlEth": 0.001100420200219324,
      "biggestWavePct": 19.175217687268585,
      "biggestWaveUsd": 0.6366518197473701,
      "fastestWaveMs": 1756333,
      "fastestWavePct": 19.175217687268585,
      "medals": {
        "gold": 1,
        "silver": 0,
        "bronze": 0
      },
      "piggyContrib": 0.000006319354497805068
    },
    "VIRTUAL": {
      "wins": 2,
      "losses": 0,
      "totalPnlEth": 0.002631415342563361,
      "biggestWavePct": 1.7866670021827489,
      "biggestWaveUsd": 0.08217300649684489,
      "fastestWaveMs": null,
      "fastestWavePct": 0,
      "medals": {
        "gold": 0,
        "silver": 0,
        "bronze": 2
      },
      "piggyContrib": 0.000008771384475211204
    },
    "SEAM": {
      "wins": 0,
      "losses": 1,
      "totalPnlEth": 0,
      "biggestWavePct": 0,
      "biggestWaveUsd": 0,
      "fastestWaveMs": null,
      "fastestWavePct": 0,
      "medals": {
        "gold": 0,
        "silver": 0,
        "bronze": 0
      },
      "piggyContrib": 0
    }
  },
  "entries": {
    "AERO": 0.3378,
    "BRETT": 0.007277418397606461,
    "VIRTUAL": 0.729252416887469,
    "MORPHO": null,
    "CBBTC": null,
    "DEGEN": 0.0007908,
    "WELL": null,
    "SEAM": 0.113107771010875,
    "AIXBT": 0.02496,
    "TOSHI": 0.000211873036716628,
    "KITE": null,
    "KEYCAT": null,
    "DOGINME": null,
    "XCN": null,
    "SKI": null,
    "PRIME": null,
    "LUNA": null,
    "HIGHER": null,
    "MOCHI": null,
    "ZORA": null,
    "BNKR": 0.0004612,
    "TYBG": null,
    "MIGGLES": null,
    "BENJI": null,
    "ROOST": null,
    "TALENT": null
  },
  "invested": {
    "AERO": 0.0007129955318946668,
    "BRETT": 0.004764500899556957,
    "VIRTUAL": 0.0038078834250364706,
    "MORPHO": 0,
    "CBBTC": 0,
    "DEGEN": 0.0007309359273162518,
    "WELL": 0,
    "SEAM": 0.0014277647739596579,
    "AIXBT": 0.000005875707531194486,
    "TOSHI": 0.005582986486127196,
    "KITE": 0,
    "KEYCAT": 0,
    "DOGINME": 0,
    "XCN": 0,
    "SKI": 0,
    "PRIME": 0,
    "LUNA": 0,
    "HIGHER": 0,
    "MOCHI": 0,
    "ZORA": 0,
    "BNKR": 0.003783854110787082,
    "TYBG": 0,
    "MIGGLES": 0,
    "BENJI": 0,
    "ROOST": 0,
    "TALENT": 0
  },
  "entryTimes": {
    "AERO": 1773551228853,
    "BRETT": 1773532458398,
    "VIRTUAL": 1773561473198,
    "MORPHO": null,
    "CBBTC": null,
    "DEGEN": 1773578645594,
    "WELL": null,
    "SEAM": 1773563478676,
    "AIXBT": 1773577227997,
    "TOSHI": 1773540517147,
    "KITE": null,
    "KEYCAT": null,
    "DOGINME": null,
    "XCN": null,
    "SKI": null,
    "PRIME": null,
    "LUNA": null,
    "HIGHER": null,
    "MOCHI": null,
    "ZORA": null,
    "BNKR": 1773545189836,
    "TYBG": null,
    "MIGGLES": null,
    "BENJI": null,
    "ROOST": null,
    "TALENT": null
  },
  "tradeLog": [
    {
      "type": "SELL",
      "symbol": "AIXBT",
      "price": 0.02495,
      "receivedEth": -0.000001775257739844091,
      "netUsd": -12.16387465220232,
      "timestamp": "2026-03-15T11:41:40.117Z",
      "tx": "0xe87956ce98a1864078018ea2ddc894e7b85b4bb5176e7a3a8faa6f1b525994d2",
      "reason": "STOP LOSS",
      "indScore": 1
    },
    {
      "type": "BUY",
      "symbol": "AIXBT",
      "price": 0.02492,
      "ethSpent": 0.0007088880382232431,
      "timestamp": "2026-03-15T11:43:55.948Z",
      "tx": "0x8bd4cafee788b9684bba1bb76dee08704f12c3948d8adc149eaffd5761a9ac99",
      "reason": "🎯 MIN TROUGH [PRIORITY]",
      "indScore": 2
    },
    {
      "type": "BUY",
      "symbol": "AIXBT",
      "price": 0.02492,
      "ethSpent": 0.0007089617491504275,
      "timestamp": "2026-03-15T11:46:06.007Z",
      "tx": "0x3bc0b10bab816ae27b367985c7d639da2bc2fe09bff683b8c221164fa7665df9",
      "reason": "🎯 MIN TROUGH [PRIORITY] unconfirmed",
      "indScore": -1
    },
    {
      "type": "BUY",
      "symbol": "AIXBT",
      "price": 0.02492,
      "ethSpent": 0.0007084159818645508,
      "timestamp": "2026-03-15T11:48:16.750Z",
      "tx": "0x6b4d9162f196a3bf3a3e500354351937c776e080e8d2bee308d4cf607df12f38",
      "reason": "🎯 MIN TROUGH [PRIORITY] unconfirmed",
      "indScore": 0
    },
    {
      "type": "SELL",
      "symbol": "AIXBT",
      "price": 0.02492,
      "receivedEth": -0.0000017753039767507556,
      "netUsd": -2.258350795555243,
      "timestamp": "2026-03-15T11:57:51.228Z",
      "tx": "0xa1ab391c76f435f739841ee37e0d1f78d275a0f347fe502cca04b7b333501bdf",
      "reason": "⏰ STALE CASCADE — 6min no movement",
      "indScore": 0
    },
    {
      "type": "BUY",
      "symbol": "AIXBT",
      "price": 0.02489,