{
  "lastSaved": "2026-03-14T23:34:51.532Z",
  "piggyBank": 0.00015693298707350505,
  "totalSkimmed": 0.0002493091226782519,
  "tradeCount": 120,
  "predFund": 0.00004570756212237152,
  "predFundPnl": 0,
  "predFundTrades": 0,
  "agentCapital": 0.00004570756212237152,
  "agentPnl": 0,
  "piggyCoPnl": -9.610113600038052e-7,
  "predFundPositions": {},
  "piggyCoPositions": {},
  "waveStats": {
    "AIXBT": {
      "wins": 0,
      "losses": 1,
      "totalPnlEth": 0,
      "biggestWavePct": 0,
      "biggestWaveUsd": 0,
      "fastestWaveMs": null,
      "fastestWavePct": 0,
      "medals": {
        "gold": 0,
        "silver": 0,
        "bronze": 0
      },
      "piggyContrib": 0
    },
    "KEYCAT": {
      "wins": 2,
      "losses": 1,
      "totalPnlEth": 0.0011680261231395333,
      "biggestWavePct": 7.641290653695444,
      "biggestWaveUsd": 0.11318845658407284,
      "fastestWaveMs": null,
      "fastestWavePct": 0,
      "medals": {
        "gold": 2,
        "silver": 0,
        "bronze": 0
      },
      "piggyContrib": 0.000005102347125327656
    },
    "PRIME": {
      "wins": 0,
      "losses": 4,
      "totalPnlEth": 0,
      "biggestWavePct": 0,
      "biggestWaveUsd": 0,
      "fastestWaveMs": null,
      "fastestWavePct": 0,
      "medals": {
        "gold": 0,
        "silver": 0,
        "bronze": 0
      },
      "piggyContrib": 0
    },
    "DEGEN": {
      "wins": 3,
      "losses": 0,
      "totalPnlEth": 0.001741950012639215,
      "biggestWavePct": 2.204859551078612,
      "biggestWaveUsd": 0.07494048185149893,
      "fastestWaveMs": null,
      "fastestWavePct": 0,
      "medals": {
        "gold": 0,
        "silver": 0,
        "bronze": 3
      },
      "piggyContrib": 0.000005806500042130717
    },
    "AERO": {
      "wins": 1,
      "losses": 0,
      "totalPnlEth": 0.0004939328616479688,
      "biggestWavePct": 0.813718215516129,
      "biggestWaveUsd": 0.020434122440280422,
      "fastestWaveMs": 11625636,
      "fastestWavePct": 0.813718215516129,
      "medals": {
        "gold": 0,
        "silver": 0,
        "bronze": 1
      },
      "piggyContrib": 0.000004066868568440567
    },
    "XCN": {
      "wins": 1,
      "losses": 1,
      "totalPnlEth": 0.00007211268440707576,
      "biggestWavePct": 0,
      "biggestWaveUsd": 0,
      "fastestWaveMs": null,
      "fastestWavePct": 0,
      "medals": {
        "gold": 0,
        "silver": 0,
        "bronze": 1
      },
      "piggyContrib": 2.4037561469025256e-7
    },
    "TOSHI": {
      "wins": 1,
      "losses": 0,
      "totalPnlEth": 0.0018558417277516443,
      "biggestWavePct": 131.66239719145335,
      "biggestWaveUsd": 2.794417084206194,
      "fastestWaveMs": 311997,
      "fastestWavePct": 131.66239719145335,
      "medals": {
        "gold": 1,
        "silver": 0,
        "bronze": 0
      },
      "piggyContrib": 0.000007888786197284663
    },
    "BRETT": {
      "wins": 1,
      "losses": 0,
      "totalPnlEth": 0.001100420200219324,
      "biggestWavePct": 19.175217687268585,
      "biggestWaveUsd": 0.6366518197473701,
      "fastestWaveMs": 1756333,
      "fastestWavePct": 19.175217687268585,
      "medals": {
        "gold": 1,
        "silver": 0,
        "bronze": 0
      },
      "piggyContrib": 0.000006319354497805068
    }
  },
  "entries": {
    "AERO": 0.32070148803209375,
    "BRETT": 0.007276981191447561,
    "VIRTUAL": 0.720859251884183,
    "MORPHO": null,
    "CBBTC": null,
    "DEGEN": null,
    "WELL": null,
    "SEAM": null,
    "AIXBT": 0.02573,
    "TOSHI": 0.00021638267259734188,
    "KITE": null,
    "KEYCAT": null,
    "DOGINME": null,
    "XCN": null,
    "SKI": null,
    "PRIME": 0.4041,
    "LUNA": null,
    "HIGHER": null,
    "MOCHI": null,
    "ZORA": null,
    "BNKR": null,
    "TYBG": null,
    "MIGGLES": null,
    "BENJI": null,
    "ROOST": null,
    "TALENT": null
  },
  "invested": {
    "AERO": 0.002537354834868749,
    "BRETT": 0.003992548592025681,
    "VIRTUAL": 0.0022454899759640165,
    "MORPHO": 0,
    "CBBTC": 0,
    "DEGEN": 0,
    "WELL": 0,
    "SEAM": 0,
    "AIXBT": 0.005863335348679616,
    "TOSHI": 0.004626185466111733,
    "KITE": 0,
    "KEYCAT": 0,
    "DOGINME": 0,
    "XCN": 0,
    "SKI": 0,
    "PRIME": 0.004855824175410998,
    "LUNA": 0,
    "HIGHER": 0,
    "MOCHI": 0,
    "ZORA": 0,
    "BNKR": 0,
    "TYBG": 0,
    "MIGGLES": 0,
    "BENJI": 0,
    "ROOST": 0,
    "TALENT": 0
  },
  "entryTimes": {
    "AERO": 1773518666339,
    "BRETT": 1773531006503,
    "VIRTUAL": 1773445428640,
    "MORPHO": null,
    "CBBTC": null,
    "DEGEN": null,
    "WELL": null,
    "SEAM": null,
    "AIXBT": 1773482579742,
    "TOSHI": 1773528230291,
    "KITE": null,
    "KEYCAT": null,
    "DOGINME": null,
    "XCN": null,
    "SKI": null,
    "PRIME": 1773503480612,
    "LUNA": null,
    "HIGHER": null,
    "MOCHI": null,
    "ZORA": null,
    "BNKR": null,
    "TYBG": null,
    "MIGGLES": null,
    "BENJI": null,
    "ROOST": null,
    "TALENT": null
  },
  "tradeLog": [
    {
      "type": "BUY",
      "symbol": "BRETT",
      "price": 0.007273,
      "ethSpent": 0.0007176415428336317,
      "timestamp": "2026-03-14T23:04:23.210Z",
      "tx": "0xae35bd1f05cc80ff523e0e1fd947bf174f78ce8f7172c9f58cf7eb4267ae4db2",
      "reason": "🎯 MIN TROUGH [PRIORITY] unconfirmed",
      "indScore": 0
    },
    {
      "type": "BUY",
      "symbol": "BRETT",
      "price": 0.007285,
      "ethSpent": 0.0007166266948221333,
      "timestamp": "2026-03-14T23:06:35.534Z",
      "tx": "0x5728b8eb5f6df8710f91803c62494a8f8dfe7622fa91285332ae848ed5e12220",
      "reason": "🎯 MIN TROUGH [PRIORITY] unconfirmed",
      "indScore": 0
    },
    {
      "type": "BUY",
      "symbol": "BRETT",
      "price": 0.00729181459485963,
      "ethSpent": 0.0009675080561255243,
      "timestamp": "2026-03-14T23:30:06.503Z",
      "tx": "0x7e74314d4baa330fa1213c5ebed55d9d3e4b0cda88c8070f8120fe83853abda9",
      "reason": "🎯 MIN TROUGH [PRIORITY] unconfirmed",
      "indScore": -1
    }
  ]
}