{
  "lastSaved": "2026-03-18T21:24:32.920Z",
  "piggyBank": 0.00037375580517045226,
  "totalSkimmed": 0.0013842942176373956,
  "tradeCount": 602,
  "predFund": 0.00023491252149661801,
  "predFundPnl": -0.00003466595942807055,
  "predFundTrades": 36,
  "agentCapital": 0.0004240359271087528,
  "agentPnl": 0,
  "piggyCoPnl": -0.000030211280004506566,
  "predFundPositions": {
    "AIXBT": {
      "entryPrice": 0.02456,
      "ethIn": 0.000054220169869958594,
      "tokens": 4.779502896415079,
      "entryTime": 1773848452395,
      "conf": 67,
      "phase": 31.40398562202904
    },
    "CBBTC": {
      "entryPrice": 71479.9011968859,
      "ethIn": 0.00010023727631410564,
      "tokens": 0.000003062245535832687,
      "entryTime": 1773855466811,
      "conf": 62,
      "phase": 31.947135622284804
    }
  },
  "piggyCoPositions": {
    "AERO": {
      "entryPrice": 0.33556553294443,
      "ethIn": 0.0000342207013825792,
      "tokens": 0.22636335174647393,
      "entryTime": 1773840113845,
      "conf": 67
    },
    "KEYCAT": {
      "entryPrice": 0.000585,
      "ethIn": 0.00003079863124432128,
      "tokens": 116.45862741160401,
      "entryTime": 1773840231912,
      "conf": 61
    },
    "AIXBT": {
      "entryPrice": 0.02456,
      "ethIn": 0.00003313074624516017,
      "tokens": 2.920472178875838,
      "entryTime": 1773848452395,
      "conf": 67
    },
    "CBBTC": {
      "entryPrice": 71479.9011968859,
      "ethIn": 0.000034105199372870535,
      "tokens": 0.0000010419127331531421,
      "entryTime": 1773855466811,
      "conf": 62
    }
  },
  "waveStats": {
    "AIXBT": {
      "wins": 27,
      "losses": 41,
      "totalPnlEth": 0.01839152141412973,
      "biggestWavePct": 95.23704605515366,
      "biggestWaveUsd": 0.5206168622184875,
      "fastestWaveMs": null,
      "fastestWavePct": 0,
      "medals": {
        "gold": 5,
        "silver": 1,
        "bronze": 21
      },
      "piggyContrib": 0.00006784745399869593
    },
    "KEYCAT": {
      "wins": 13,
      "losses": 3,
      "totalPnlEth": 0.007899247269526614,
      "biggestWavePct": 42.127418999457056,
      "biggestWaveUsd": 1.373813132189298,
      "fastestWaveMs": null,
      "fastestWavePct": 0,
      "medals": {
        "gold": 6,
        "silver": 1,
        "bronze": 6
      },
      "piggyContrib": 0.000030139577706612997
    },
    "PRIME": {
      "wins": 12,
      "losses": 5,
      "totalPnlEth": 0.021738731362489373,
      "biggestWavePct": 88.51699652106673,
      "biggestWaveUsd": 3.214067596465681,
      "fastestWaveMs": null,
      "fastestWavePct": 0,
      "medals": {
        "gold": 8,
        "silver": 1,
        "bronze": 3
      },
      "piggyContrib": 0.00008212345653709974
    },
    "DEGEN": {
      "wins": 14,
      "losses": 1,
      "totalPnlEth": 0.01080230999043918,
      "biggestWavePct": 5.594984659255552,
      "biggestWaveUsd": 0.19040821521860885,
      "fastestWaveMs": null,
      "fastestWavePct": 0,
      "medals": {
        "gold": 1,
        "silver": 0,
        "bronze": 13
      },
      "piggyContrib": 0.000036464534922703255
    },
    "AERO": {
      "wins": 7,
      "losses": 0,
      "totalPnlEth": 0.009844737082706867,
      "biggestWavePct": 1.8652020955406208,
      "biggestWaveUsd": 0.09723435912539369,
      "fastestWaveMs": 11625636,
      "fastestWavePct": 0.813718215516129,
      "medals": {
        "gold": 0,
        "silver": 0,
        "bronze": 7
      },
      "piggyContrib": 0.00003523621597197022
    },
    "XCN": {
      "wins": 9,
      "losses": 3,
      "totalPnlEth": 0.006931791075431405,
      "biggestWavePct": 0,
      "biggestWaveUsd": 0,
      "fastestWaveMs": null,
      "fastestWavePct": 0,
      "medals": {
        "gold": 0,
        "silver": 0,
        "bronze": 9
      },
      "piggyContrib": 0.000023105970251438014
    },
    "TOSHI": {
      "wins": 4,
      "losses": 1,
      "totalPnlEth": 0.0019595003892757612,
      "biggestWavePct": 131.66239719145335,
      "biggestWaveUsd": 2.794417084206194,
      "fastestWaveMs": 311997,
      "fastestWavePct": 131.66239719145335,
      "medals": {
        "gold": 1,
        "silver": 0,
        "bronze": 3
      },
      "piggyContrib": 0.00000823431506903172
    },
    "BRETT": {
      "wins": 13,
      "losses": 0,
      "totalPnlEth": 0.00759720631522903,
      "biggestWavePct": 94.56920478459506,
      "biggestWaveUsd": 0.9594522889549799,
      "fastestWaveMs": 1756333,
      "fastestWavePct": 19.175217687268585,
      "medals": {
        "gold": 9,
        "silver": 0,
        "bronze": 4
      },
      "piggyContrib": 0.00003527997172055462
    },
    "VIRTUAL": {
      "wins": 10,
      "losses": 4,
      "totalPnlEth": 0.014281222090465078,
      "biggestWavePct": 26.50998473707181,
      "biggestWaveUsd": 0.27386145408067364,
      "fastestWaveMs": null,
      "fastestWavePct": 0,
      "medals": {
        "gold": 2,
        "silver": 0,
        "bronze": 8
      },
      "piggyContrib": 0.00004897522070842307
    },
    "SEAM": {
      "wins": 1,
      "losses": 1,
      "totalPnlEth": 0.000011889372132378034,
      "biggestWavePct": 0,
      "biggestWaveUsd": 0,
      "fastestWaveMs": null,
      "fastestWavePct": 0,
      "medals": {
        "gold": 0,
        "silver": 0,
        "bronze": 1
      },
      "piggyContrib": 3.963124044126011e-8
    },
    "BNKR": {
      "wins": 8,
      "losses": 1,
      "totalPnlEth": 0.006508309881962911,
      "biggestWavePct": 0,
      "biggestWaveUsd": 0,
      "fastestWaveMs": null,
      "fastestWavePct": 0,
      "medals": {
        "gold": 0,
        "silver": 0,
        "bronze": 8
      },
      "piggyContrib": 0.000021694366273209702
    },
    "ZORA": {
      "wins": 3,
      "losses": 1,
      "totalPnlEth": 0.0012909942185638538,
      "biggestWavePct": 0,
      "biggestWaveUsd": 0,
      "fastestWaveMs": null,
      "fastestWavePct": 0,
      "medals": {
        "gold": 0,
        "silver": 0,
        "bronze": 3
      },
      "piggyContrib": 0.0000043033140618795125
    },
    "TYBG": {
      "wins": 5,
      "losses": 1,
      "totalPnlEth": 0.0018399636020495617,
      "biggestWavePct": 0,
      "biggestWaveUsd": 0,
      "fastestWaveMs": null,
      "fastestWavePct": 0,
      "medals": {
        "gold": 0,
        "silver": 0,
        "bronze": 5
      },
      "piggyContrib": 0.0000061332120068318725
    },
    "HIGHER": {
      "wins": 8,
      "losses": 0,
      "totalPnlEth": 0.0018790061860153077,
      "biggestWavePct": 215.62816728710135,
      "biggestWaveUsd": 0.21452340078566656,
      "fastestWaveMs": 403838,
      "fastestWavePct": 16.147490967369933,
      "medals": {
        "gold": 6,
        "silver": 0,
        "bronze": 2
      },
      "piggyContrib": 0.0000081753565631682
    }
  },
  "entries": {
    "AERO": null,
    "BRETT": 0.00747921862327671,
    "VIRTUAL": null,
    "MORPHO": null,
    "CBBTC": null,
    "DEGEN": 0.000763919747631722,
    "WELL": 0.00495199514442541,
    "SEAM": 0.1062,
    "AIXBT": null,
    "TOSHI": null,
    "KITE": null,
    "KEYCAT": null,
    "DOGINME": null,
    "XCN": null,
    "SKI": null,
    "PRIME": null,
    "LUNA": null,
    "HIGHER": null,
    "MOCHI": null,
    "ZORA": null,
    "BNKR": null,
    "TYBG": null,
    "MIGGLES": null,
    "BENJI": null,
    "ROOST": null,
    "TALENT": null,
    "MOG": null,
    "TOBY": null,
    "GAME": null,
    "SIMBA": null,
    "CRASH": null,
    "BASE": null,
    "BRIUN": null,
    "NORMIE": null,
    "OGGY": null,
    "FREN": null
  },
  "invested": {
    "AERO": 0,
    "BRETT": 0.00046330947078769314,
    "VIRTUAL": 0,
    "MORPHO": 0,
    "CBBTC": 0,
    "DEGEN": 0.006735101436588695,
    "WELL": 0.0020859709429983508,
    "SEAM": 0.0006857863912548519,
    "AIXBT": 0,
    "TOSHI": 0,
    "KITE": 0,
    "KEYCAT": 0,
    "DOGINME": 0,
    "XCN": 0,
    "SKI": 0,
    "PRIME": 0,
    "LUNA": 0,
    "HIGHER": 0,
    "MOCHI": 0,
    "ZORA": 0,
    "BNKR": 0,
    "TYBG": 0,
    "MIGGLES": 0,