{
  "lastSaved": "2026-03-16T04:57:59.512Z",
  "piggyBank": 0.0001736460857941586,
  "totalSkimmed": 0.00037853836617166746,
  "tradeCount": 246,
  "predFund": 0.00008878397662017669,
  "predFundPnl": 0,
  "predFundTrades": 0,
  "agentCapital": 0.00008878397662017669,
  "agentPnl": 0,
  "piggyCoPnl": -0.000008030317604471129,
  "predFundPositions": {},
  "piggyCoPositions": {
    "VIRTUAL": {
      "entryPrice": 0.764143317007474,
      "ethIn": 0.00001929400953268429,
      "tokens": 0.05677051246163089,
      "entryTime": 1773636445855,
      "conf": 62
    }
  },
  "waveStats": {
    "AIXBT": {
      "wins": 11,
      "losses": 39,
      "totalPnlEth": 0,
      "biggestWavePct": 0,
      "biggestWaveUsd": 0,
      "fastestWaveMs": null,
      "fastestWavePct": 0,
      "medals": {
        "gold": 0,
        "silver": 0,
        "bronze": 11
      },
      "piggyContrib": 0
    },
    "KEYCAT": {
      "wins": 4,
      "losses": 2,
      "totalPnlEth": 0.0011978542687499328,
      "biggestWavePct": 7.641290653695444,
      "biggestWaveUsd": 0.11318845658407284,
      "fastestWaveMs": null,
      "fastestWavePct": 0,
      "medals": {
        "gold": 2,
        "silver": 0,
        "bronze": 2
      },
      "piggyContrib": 0.0000052017742773623205
    },
    "PRIME": {
      "wins": 2,
      "losses": 4,
      "totalPnlEth": 0.0051933173788823485,
      "biggestWavePct": 2.9353398309358587,
      "biggestWaveUsd": 0.2943649848917467,
      "fastestWaveMs": null,
      "fastestWavePct": 0,
      "medals": {
        "gold": 0,
        "silver": 1,
        "bronze": 1
      },
      "piggyContrib": 0.000017311057929607828
    },
    "DEGEN": {
      "wins": 7,
      "losses": 0,
      "totalPnlEth": 0.002355557864103743,
      "biggestWavePct": 2.204859551078612,
      "biggestWaveUsd": 0.07494048185149893,
      "fastestWaveMs": null,
      "fastestWavePct": 0,
      "medals": {
        "gold": 0,
        "silver": 0,
        "bronze": 7
      },
      "piggyContrib": 0.000008308694501585133
    },
    "AERO": {
      "wins": 3,
      "losses": 0,
      "totalPnlEth": 0.0032360425241952304,
      "biggestWavePct": 1.8652020955406208,
      "biggestWaveUsd": 0.09723435912539369,
      "fastestWaveMs": 11625636,
      "fastestWavePct": 0.813718215516129,
      "medals": {
        "gold": 0,
        "silver": 0,
        "bronze": 3
      },
      "piggyContrib": 0.00001320723411026477
    },
    "XCN": {
      "wins": 1,
      "losses": 1,
      "totalPnlEth": 0.00007211268440707576,
      "biggestWavePct": 0,
      "biggestWaveUsd": 0,
      "fastestWaveMs": null,
      "fastestWavePct": 0,
      "medals": {
        "gold": 0,
        "silver": 0,
        "bronze": 1
      },
      "piggyContrib": 2.4037561469025256e-7
    },
    "TOSHI": {
      "wins": 1,
      "losses": 0,
      "totalPnlEth": 0.0018558417277516443,
      "biggestWavePct": 131.66239719145335,
      "biggestWaveUsd": 2.794417084206194,
      "fastestWaveMs": 311997,
      "fastestWavePct": 131.66239719145335,
      "medals": {
        "gold": 1,
        "silver": 0,
        "bronze": 0
      },
      "piggyContrib": 0.000007888786197284663
    },
    "BRETT": {
      "wins": 1,
      "losses": 0,
      "totalPnlEth": 0.001100420200219324,
      "biggestWavePct": 19.175217687268585,
      "biggestWaveUsd": 0.6366518197473701,
      "fastestWaveMs": 1756333,
      "fastestWavePct": 19.175217687268585,
      "medals": {
        "gold": 1,
        "silver": 0,
        "bronze": 0
      },
      "piggyContrib": 0.000006319354497805068
    },
    "VIRTUAL": {
      "wins": 5,
      "losses": 3,
      "totalPnlEth": 0.003969018110400435,
      "biggestWavePct": 26.50998473707181,
      "biggestWaveUsd": 0.27386145408067364,
      "fastestWaveMs": null,
      "fastestWavePct": 0,
      "medals": {
        "gold": 2,
        "silver": 0,
        "bronze": 3
      },
      "piggyContrib": 0.000014023369414884048
    },
    "SEAM": {
      "wins": 0,
      "losses": 1,
      "totalPnlEth": 0,
      "biggestWavePct": 0,
      "biggestWaveUsd": 0,
      "fastestWaveMs": null,
      "fastestWavePct": 0,
      "medals": {
        "gold": 0,
        "silver": 0,
        "bronze": 0
      },
      "piggyContrib": 0
    }
  },
  "entries": {
    "AERO": 0.336220048200373,
    "BRETT": 0.007277418397606461,
    "VIRTUAL": 0.76526901271995,
    "MORPHO": null,
    "CBBTC": null,
    "DEGEN": 0.0008835,
    "WELL": null,
    "SEAM": 0.1108,
    "AIXBT": null,
    "TOSHI": 0.000211873036716628,
    "KITE": null,
    "KEYCAT": 0.000606562228765133,
    "DOGINME": null,
    "XCN": 0.006083,
    "SKI": null,
    "PRIME": null,
    "LUNA": null,
    "HIGHER": null,
    "MOCHI": null,
    "ZORA": null,
    "BNKR": 0.0004612,
    "TYBG": null,
    "MIGGLES": null,
    "BENJI": null,
    "ROOST": null,
    "TALENT": null
  },
  "invested": {
    "AERO": 0.0014612940151390876,
    "BRETT": 0.004764500899556957,
    "VIRTUAL": 0.0013546899422344637,
    "MORPHO": 0,
    "CBBTC": 0,
    "DEGEN": 0.0014386307861368383,
    "WELL": 0,
    "SEAM": 0.00484232404405247,
    "AIXBT": 0,
    "TOSHI": 0.005582986486127196,
    "KITE": 0,
    "KEYCAT": 0.000698984608358924,
    "DOGINME": 0,
    "XCN": 0.002122492310274144,
    "SKI": 0,
    "PRIME": 0,
    "LUNA": 0,
    "HIGHER": 0,
    "MOCHI": 0,
    "ZORA": 0,
    "BNKR": 0.003783854110787082,
    "TYBG": 0,
    "MIGGLES": 0,
    "BENJI": 0,
    "ROOST": 0,
    "TALENT": 0
  },
  "entryTimes": {
    "AERO": 1773617966165,
    "BRETT": 1773532458398,
    "VIRTUAL": 1773636566096,
    "MORPHO": null,
    "CBBTC": null,
    "DEGEN": 1773635463858,
    "WELL": null,
    "SEAM": 1773634624948,
    "AIXBT": null,
    "TOSHI": 1773540517147,
    "KITE": null,
    "KEYCAT": 1773612424001,
    "DOGINME": null,
    "XCN": 1773612715016,
    "SKI": null,
    "PRIME": null,
    "LUNA": null,
    "HIGHER": null,
    "MOCHI": null,
    "ZORA": null,
    "BNKR": 1773545189836,
    "TYBG": null,
    "MIGGLES": null,
    "BENJI": null,
    "ROOST": null,
    "TALENT": null
  },
  "piggyContrib": {
    "AERO": 0.00001320723411026477,
    "BRETT": 0.000006319354497805068,
    "VIRTUAL": 0.000014023369414884048,
    "MORPHO": 0,
    "CBBTC": 0,
    "DEGEN": 0.000008308694501585133,
    "WELL": 0,
    "SEAM": 0,
    "AIXBT": 0,
    "TOSHI": 0.000007888786197284663,
    "KITE": 0,
    "KEYCAT": 0.0000052017742773623205,
    "DOGINME": 0,
    "XCN": 2.4037561469025256e-7,
    "SKI": 0,
    "PRIME": 0.000017311057929607828,
    "LUNA": 0,
    "HIGHER": 0,
    "MOCHI": 0,
    "ZORA": 0,
    "BNKR": 0,
    "TYBG": 0,
    "MIGGLES": 0,
    "BENJI": 0,
    "ROOST": 0,
    "TALENT": 0
  },
  "tradeLog": [
    {
      "type": "SELL",
      "symbol": "AIXBT",
      "price": 0.0272737605122643,
      "receivedEth": 0,
      "netUsd": 0,
      "timestamp": "2026-03-16T04:46:02.212Z",
      "tx": "0xe8a7b21165781f629f77301dc82e0db25949b9edc91d13efc3f2b546bda1b9ec",
      "reason": "MANUAL SELL",
      "indScore": 0
    },
    {
      "type": "BUY",
      "symbol": "VIRTUAL",
      "price": 0.764143317007474,
      "ethSpent": 0.0006916947953589387,
      "timestamp": "2026-03-16T04:47:24.226Z",
      "tx": "0xbf6e0cea1e513d6e24b29e6675ecf040d1112dbcf15c346ae41bb3869b05f42c",
      "reason": "🧠 PREDICTED TROUGH [62% conf φ35°]",
      "indScore": -2
    },
    {
      "type": "SELL",
      "symbol": "AIXBT",
      "price": 0.0272737605122643,
      "receivedEth": 0,
      "netUsd": 0,
      "timestamp": "2026-03-16T04:47:44.867Z",
      "tx": "0xb14fa58e4f0b48cecc6f9185c76405a1ca262b51c8d185c305b47e11dcc56e55",
      "reason": "MANUAL SELL HALF",
      "indScore": 0
    },
    {
      "type": "SELL",
      "symbol": "AIXBT",
      "price": 0.0277913972818171,
      "receivedEth": 0,
      "netUsd": 0,
      "timestamp": "2026-03-16T04:48:48.061Z",
      "tx": "0xf8ae2726ecda60bedf4ea48f47c746eb4de310e864c4b6928020415a43538ca9",
      "reason": "🎯 MAX PEAK $0.02785277",