{
  "lastSaved": "2026-03-16T04:37:42.452Z",
  "piggyBank": 0.0001929400953268429,
  "totalSkimmed": 0.00037853836617166746,
  "tradeCount": 233,
  "predFund": 0.00008878397662017669,
  "predFundPnl": 0,
  "predFundTrades": 0,
  "agentCapital": 0.00008878397662017669,
  "agentPnl": 0,
  "piggyCoPnl": -0.000008030317604471129,
  "predFundPositions": {},
  "piggyCoPositions": {},
  "waveStats": {
    "AIXBT": {
      "wins": 0,
      "losses": 39,
      "totalPnlEth": 0,
      "biggestWavePct": 0,
      "biggestWaveUsd": 0,
      "fastestWaveMs": null,
      "fastestWavePct": 0,
      "medals": {
        "gold": 0,
        "silver": 0,
        "bronze": 0
      },
      "piggyContrib": 0
    },
    "KEYCAT": {
      "wins": 4,
      "losses": 2,
      "totalPnlEth": 0.0011978542687499328,
      "biggestWavePct": 7.641290653695444,
      "biggestWaveUsd": 0.11318845658407284,
      "fastestWaveMs": null,
      "fastestWavePct": 0,
      "medals": {
        "gold": 2,
        "silver": 0,
        "bronze": 2
      },
      "piggyContrib": 0.0000052017742773623205
    },
    "PRIME": {
      "wins": 2,
      "losses": 4,
      "totalPnlEth": 0.0051933173788823485,
      "biggestWavePct": 2.9353398309358587,
      "biggestWaveUsd": 0.2943649848917467,
      "fastestWaveMs": null,
      "fastestWavePct": 0,
      "medals": {
        "gold": 0,
        "silver": 1,
        "bronze": 1
      },
      "piggyContrib": 0.000017311057929607828
    },
    "DEGEN": {
      "wins": 7,
      "losses": 0,
      "totalPnlEth": 0.002355557864103743,
      "biggestWavePct": 2.204859551078612,
      "biggestWaveUsd": 0.07494048185149893,
      "fastestWaveMs": null,
      "fastestWavePct": 0,
      "medals": {
        "gold": 0,
        "silver": 0,
        "bronze": 7
      },
      "piggyContrib": 0.000008308694501585133
    },
    "AERO": {
      "wins": 3,
      "losses": 0,
      "totalPnlEth": 0.0032360425241952304,
      "biggestWavePct": 1.8652020955406208,
      "biggestWaveUsd": 0.09723435912539369,
      "fastestWaveMs": 11625636,
      "fastestWavePct": 0.813718215516129,
      "medals": {
        "gold": 0,
        "silver": 0,
        "bronze": 3
      },
      "piggyContrib": 0.00001320723411026477
    },
    "XCN": {
      "wins": 1,
      "losses": 1,
      "totalPnlEth": 0.00007211268440707576,
      "biggestWavePct": 0,
      "biggestWaveUsd": 0,
      "fastestWaveMs": null,
      "fastestWavePct": 0,
      "medals": {
        "gold": 0,
        "silver": 0,
        "bronze": 1
      },
      "piggyContrib": 2.4037561469025256e-7
    },
    "TOSHI": {
      "wins": 1,
      "losses": 0,
      "totalPnlEth": 0.0018558417277516443,
      "biggestWavePct": 131.66239719145335,
      "biggestWaveUsd": 2.794417084206194,
      "fastestWaveMs": 311997,
      "fastestWavePct": 131.66239719145335,
      "medals": {
        "gold": 1,
        "silver": 0,
        "bronze": 0
      },
      "piggyContrib": 0.000007888786197284663
    },
    "BRETT": {
      "wins": 1,
      "losses": 0,
      "totalPnlEth": 0.001100420200219324,
      "biggestWavePct": 19.175217687268585,
      "biggestWaveUsd": 0.6366518197473701,
      "fastestWaveMs": 1756333,
      "fastestWavePct": 19.175217687268585,
      "medals": {
        "gold": 1,
        "silver": 0,
        "bronze": 0
      },
      "piggyContrib": 0.000006319354497805068
    },
    "VIRTUAL": {
      "wins": 5,
      "losses": 3,
      "totalPnlEth": 0.003969018110400435,
      "biggestWavePct": 26.50998473707181,
      "biggestWaveUsd": 0.27386145408067364,
      "fastestWaveMs": null,
      "fastestWavePct": 0,
      "medals": {
        "gold": 2,
        "silver": 0,
        "bronze": 3
      },
      "piggyContrib": 0.000014023369414884048
    },
    "SEAM": {
      "wins": 0,
      "losses": 1,
      "totalPnlEth": 0,
      "biggestWavePct": 0,
      "biggestWaveUsd": 0,
      "fastestWaveMs": null,
      "fastestWavePct": 0,
      "medals": {
        "gold": 0,
        "silver": 0,
        "bronze": 0
      },
      "piggyContrib": 0
    }
  },
  "entries": {
    "AERO": 0.336220048200373,
    "BRETT": 0.007277418397606461,
    "VIRTUAL": null,
    "MORPHO": null,
    "CBBTC": null,
    "DEGEN": 0.0008835,
    "WELL": null,
    "SEAM": 0.1108,
    "AIXBT": null,
    "TOSHI": 0.000211873036716628,
    "KITE": null,
    "KEYCAT": 0.000606562228765133,
    "DOGINME": null,
    "XCN": 0.006083,
    "SKI": 0.007578,
    "PRIME": null,
    "LUNA": null,
    "HIGHER": null,
    "MOCHI": null,
    "ZORA": null,
    "BNKR": 0.0004612,
    "TYBG": null,
    "MIGGLES": null,
    "BENJI": null,
    "ROOST": null,
    "TALENT": null
  },
  "invested": {
    "AERO": 0.0014612940151390876,
    "BRETT": 0.004764500899556957,
    "VIRTUAL": 0,
    "MORPHO": 0,
    "CBBTC": 0,
    "DEGEN": 0.0014386307861368383,
    "WELL": 0,
    "SEAM": 0.00484232404405247,
    "AIXBT": 0,
    "TOSHI": 0.005582986486127196,
    "KITE": 0,
    "KEYCAT": 0.000698984608358924,
    "DOGINME": 0,
    "XCN": 0.002122492310274144,
    "SKI": 0.000700790491674609,
    "PRIME": 0,
    "LUNA": 0,
    "HIGHER": 0,
    "MOCHI": 0,
    "ZORA": 0,
    "BNKR": 0.003783854110787082,
    "TYBG": 0,
    "MIGGLES": 0,
    "BENJI": 0,
    "ROOST": 0,
    "TALENT": 0
  },
  "entryTimes": {
    "AERO": 1773617966165,
    "BRETT": 1773532458398,
    "VIRTUAL": null,
    "MORPHO": null,
    "CBBTC": null,
    "DEGEN": 1773635463858,
    "WELL": null,
    "SEAM": 1773634624948,
    "AIXBT": null,
    "TOSHI": 1773540517147,
    "KITE": null,
    "KEYCAT": 1773612424001,
    "DOGINME": null,
    "XCN": 1773612715016,
    "SKI": 1773612215052,
    "PRIME": null,
    "LUNA": null,
    "HIGHER": null,
    "MOCHI": null,
    "ZORA": null,
    "BNKR": 1773545189836,
    "TYBG": null,
    "MIGGLES": null,
    "BENJI": null,
    "ROOST": null,
    "TALENT": null
  },
  "tradeLog": [
    {
      "type": "SELL",
      "symbol": "AIXBT",
      "price": 0.02636,
      "receivedEth": -0.0000017757527439009324,
      "netUsd": -0.039091410625803985,
      "timestamp": "2026-03-16T01:28:53.341Z",
      "tx": "0xb4a8cf3893268dd2cce136c81705a64a6e88d962e152c6a40ca21077f5b271ee",
      "reason": "⏰ STALE CASCADE — 6min no movement",
      "indScore": 0
    },
    {
      "type": "SELL",
      "symbol": "AIXBT",
      "price": 0.02627,
      "receivedEth": -0.000001781420249325101,
      "netUsd": -0.02150548996082847,
      "timestamp": "2026-03-16T01:39:08.928Z",
      "tx": "0xd1014f2520e5a5e28034ba61414432ba382c8053a16b6626e89bca8757f2aa5e",
      "reason": "⏰ STALE CASCADE — 5min no movement",
      "indScore": 4
    },
    {
      "type": "SELL",
      "symbol": "AIXBT",
      "price": 0.02627,
      "receivedEth": -0.0000017753039066479778,
      "netUsd": -0.012676612157106946,
      "timestamp": "2026-03-16T01:49:19.485Z",
      "tx": "0x93dffbcf27858ce6a943fb4b86f109c2d4f22f622f458ee84beaf15ba7422124",
      "reason": "⏰ STALE CASCADE — 8min no movement",
      "indScore": 0
    },
    {
      "type": "SELL",
      "symbol": "AIXBT",
      "price": 0.02638,
      "receivedEth": -0.0000017794478413320908,
      "netUsd": -0.008307617935396082,
      "timestamp": "2026-03-16T02:01:34.964Z",
      "tx": "0x543a8234267e1d8a0c49173b3df3eadc72cb164fa0ee6478e89ea32a098add0e",
      "reason": "⏰ STALE CASCADE — 6min no movement",
      "indScore": -5
    },
    {
      "type": "SELL",
      "symbol": "AIXBT",
      "price": 0.02638,
      "receivedEth": -0.000001775310904853812,
      "netUsd": -0.008212551644301224,
      "timestamp": "2026-03-16T02:08:52.672Z",
      "tx": "0xfd5cd158dd19d0666bcbaf935d7e1ee0cd8a3d77e48193eae1feb5be741ffa24",
      "reason": "🎯 MAX PEAK $0.02785277",
      "indScore": 0
    },
    {
      "type": "BUY",
      "symbol": "VIRTUAL",
      "price": 0.753386621471741,
      "ethSpent": 0.0008412216723459918,
      "timestamp": "2026-03-16T02:10:55.740Z",
      "tx": "0x072e299ac04714f0dcb20b049af5520043c01f8eb4aef8f8ca90a6781c078728",