{
  "lastSaved": "2026-03-18T11:46:22.423Z",
  "piggyBank": 0.0003519058510986147,
  "totalSkimmed": 0.001051021460391636,
  "tradeCount": 452,
  "predFund": 0.00016550709695567644,
  "predFundPnl": -0.0000231859288777363,
  "predFundTrades": 26,
  "agentCapital": 0.0003129450080268328,
  "agentPnl": 0,
  "piggyCoPnl": -0.000024025733382076135,
  "predFundPositions": {
    "PRIME": {
      "entryPrice": 0.4045,
      "ethIn": 0.0000503237039575451,
      "tokens": 0.2895091387209298,
      "entryTime": 1773804968836,
      "conf": 68,
      "phase": 31.93461108780133
    },
    "DEGEN": {
      "entryPrice": 0.000808789367104863,
      "ethIn": 0.000073928278235875,
      "tokens": 211.3512693484315,
      "entryTime": 1773817105682,
      "conf": 61,
      "phase": 18.304033491935115
    }
  },
  "piggyCoPositions": {
    "PRIME": {
      "entryPrice": 0.4045,
      "ethIn": 0.00002557642553080104,
      "tokens": 0.14713958521870737,
      "entryTime": 1773804968836,
      "conf": 68
    },
    "DEGEN": {
      "entryPrice": 0.000808789367104863,
      "ethIn": 0.000023623434326478022,
      "tokens": 67.53630613904348,
      "entryTime": 1773817105682,
      "conf": 61
    }
  },
  "waveStats": {
    "AIXBT": {
      "wins": 18,
      "losses": 39,
      "totalPnlEth": 0.011121651848398886,
      "biggestWavePct": 0,
      "biggestWaveUsd": 0,
      "fastestWaveMs": null,
      "fastestWavePct": 0,
      "medals": {
        "gold": 0,
        "silver": 0,
        "bronze": 18
      },
      "piggyContrib": 0.0000370721728279963
    },
    "KEYCAT": {
      "wins": 7,
      "losses": 3,
      "totalPnlEth": 0.0016296664594427435,
      "biggestWavePct": 7.641290653695444,
      "biggestWaveUsd": 0.11318845658407284,
      "fastestWaveMs": null,
      "fastestWavePct": 0,
      "medals": {
        "gold": 2,
        "silver": 0,
        "bronze": 5
      },
      "piggyContrib": 0.000006641148246338356
    },
    "PRIME": {
      "wins": 5,
      "losses": 4,
      "totalPnlEth": 0.01584985342602155,
      "biggestWavePct": 88.51699652106673,
      "biggestWaveUsd": 3.214067596465681,
      "fastestWaveMs": null,
      "fastestWavePct": 0,
      "medals": {
        "gold": 1,
        "silver": 1,
        "bronze": 3
      },
      "piggyContrib": 0.00005549401866729973
    },
    "DEGEN": {
      "wins": 12,
      "losses": 1,
      "totalPnlEth": 0.005894233385652663,
      "biggestWavePct": 2.204859551078612,
      "biggestWaveUsd": 0.07494048185149893,
      "fastestWaveMs": null,
      "fastestWavePct": 0,
      "medals": {
        "gold": 0,
        "silver": 0,
        "bronze": 12
      },
      "piggyContrib": 0.000020104279573414867
    },
    "AERO": {
      "wins": 7,
      "losses": 0,
      "totalPnlEth": 0.009844737082706867,
      "biggestWavePct": 1.8652020955406208,
      "biggestWaveUsd": 0.09723435912539369,
      "fastestWaveMs": 11625636,
      "fastestWavePct": 0.813718215516129,
      "medals": {
        "gold": 0,
        "silver": 0,
        "bronze": 7
      },
      "piggyContrib": 0.00003523621597197022
    },
    "XCN": {
      "wins": 9,
      "losses": 2,
      "totalPnlEth": 0.006931791075431405,
      "biggestWavePct": 0,
      "biggestWaveUsd": 0,
      "fastestWaveMs": null,
      "fastestWavePct": 0,
      "medals": {
        "gold": 0,
        "silver": 0,
        "bronze": 9
      },
      "piggyContrib": 0.000023105970251438014
    },
    "TOSHI": {
      "wins": 4,
      "losses": 1,
      "totalPnlEth": 0.0019595003892757612,
      "biggestWavePct": 131.66239719145335,
      "biggestWaveUsd": 2.794417084206194,
      "fastestWaveMs": 311997,
      "fastestWavePct": 131.66239719145335,
      "medals": {
        "gold": 1,
        "silver": 0,
        "bronze": 3
      },
      "piggyContrib": 0.00000823431506903172
    },
    "BRETT": {
      "wins": 10,
      "losses": 0,
      "totalPnlEth": 0.006886434408881528,
      "biggestWavePct": 82.9396859263693,
      "biggestWaveUsd": 0.15394502626608006,
      "fastestWaveMs": 1756333,
      "fastestWavePct": 19.175217687268585,
      "medals": {
        "gold": 8,
        "silver": 0,
        "bronze": 2
      },
      "piggyContrib": 0.00003213854958141679
    },
    "VIRTUAL": {
      "wins": 9,
      "losses": 3,
      "totalPnlEth": 0.013701352539596765,
      "biggestWavePct": 26.50998473707181,
      "biggestWaveUsd": 0.27386145408067364,
      "fastestWaveMs": null,
      "fastestWavePct": 0,
      "medals": {
        "gold": 2,
        "silver": 0,
        "bronze": 7
      },
      "piggyContrib": 0.00004646448417887182
    },
    "SEAM": {
      "wins": 1,
      "losses": 1,
      "totalPnlEth": 0.000011889372132378034,
      "biggestWavePct": 0,
      "biggestWaveUsd": 0,
      "fastestWaveMs": null,
      "fastestWavePct": 0,
      "medals": {
        "gold": 0,
        "silver": 0,
        "bronze": 1
      },
      "piggyContrib": 3.963124044126011e-8
    },
    "BNKR": {
      "wins": 8,
      "losses": 0,
      "totalPnlEth": 0.006508309881962911,
      "biggestWavePct": 0,
      "biggestWaveUsd": 0,
      "fastestWaveMs": null,
      "fastestWavePct": 0,
      "medals": {
        "gold": 0,
        "silver": 0,
        "bronze": 8
      },
      "piggyContrib": 0.000021694366273209702
    },
    "ZORA": {
      "wins": 3,
      "losses": 0,
      "totalPnlEth": 0.0012909942185638538,
      "biggestWavePct": 0,
      "biggestWaveUsd": 0,
      "fastestWaveMs": null,
      "fastestWavePct": 0,
      "medals": {
        "gold": 0,
        "silver": 0,
        "bronze": 3
      },
      "piggyContrib": 0.0000043033140618795125
    },
    "TYBG": {
      "wins": 5,
      "losses": 0,
      "totalPnlEth": 0.0018399636020495617,
      "biggestWavePct": 0,
      "biggestWaveUsd": 0,
      "fastestWaveMs": null,
      "fastestWavePct": 0,
      "medals": {
        "gold": 0,
        "silver": 0,
        "bronze": 5
      },
      "piggyContrib": 0.0000061332120068318725
    }
  },
  "entries": {
    "AERO": null,
    "BRETT": null,
    "VIRTUAL": null,
    "MORPHO": null,
    "CBBTC": null,
    "DEGEN": null,
    "WELL": 0.00495199514442541,
    "SEAM": 0.1098,
    "AIXBT": 0.0254800360787206,
    "TOSHI": null,
    "KITE": null,
    "KEYCAT": null,
    "DOGINME": null,
    "XCN": null,
    "SKI": null,
    "PRIME": 0.3971,
    "LUNA": null,
    "HIGHER": null,
    "MOCHI": null,
    "ZORA": 0.01765,
    "BNKR": null,
    "TYBG": null,
    "MIGGLES": null,
    "BENJI": null,
    "ROOST": null,
    "TALENT": null,
    "MOG": null,
    "TOBY": null,
    "GAME": null,
    "SIMBA": null,
    "CRASH": null,
    "BASE": null,
    "BRIUN": null,
    "NORMIE": null,
    "OGGY": null,
    "FREN": null
  },
  "invested": {
    "AERO": 0,
    "BRETT": 0,
    "VIRTUAL": 0,
    "MORPHO": 0,
    "CBBTC": 0,
    "DEGEN": 0,
    "WELL": 0.0020859709429983508,
    "SEAM": 0.0016731114979124512,
    "AIXBT": 0.0028884010472301903,
    "TOSHI": 0,
    "KITE": 0,
    "KEYCAT": 0,
    "DOGINME": 0,
    "XCN": 0,
    "SKI": 0,
    "PRIME": 0.001596704348336744,
    "LUNA": 0,
    "HIGHER": 0,
    "MOCHI": 0,
    "ZORA": 0.00132150001085803,
    "BNKR": 0,
    "TYBG": 0,
    "MIGGLES": 0,
    "BENJI": 0,
    "ROOST": 0,
    "TALENT": 0,
    "MOG": 0,
    "TOBY": 0,
    "GAME": 0,
    "SIMBA": 0,
    "CRASH": 0,
    "BASE": 0,
    "BRIUN": 0,
    "NORMIE": 0,
    "OGGY": 0,
    "FREN": 0
  },
  "entryTimes": {
    "AERO": null,
    "BRETT": null,
    "VIRTUAL": null,
    "MORPHO": null,
    "CBBTC": null,
    "DEGEN": null,
    "WELL": 1773834296297,
    "SEAM": 1773825367962,
    "AIXBT": 1773834110841,
    "TOSHI": null,
    "KITE": null,
    "KEYCAT": null,
    "DOGINME": null,
    "XCN": null,
    "SKI": null,
    "PRIME": 1773833941363,
    "LUNA": null,
    "HIGHER": null,
    "MOCHI": null,
    "ZORA": 1773834302785,
    "BNKR": null,
    "TYBG": null,
    "MIGGLES": null,
    "BENJI": null,
    "ROOST": null,
    "TALENT": null,
    "MOG": null,
    "TOBY": null,