{
  "lastSaved": "2026-03-16T23:47:03.444Z",
  "piggyBank": 0.00020833736392693048,
  "totalSkimmed": 0.0005837986928958997,
  "tradeCount": 303,
  "predFund": 0.00007254475703903125,
  "predFundPnl": -0.000012114571450191664,
  "predFundTrades": 12,
  "agentCapital": 0.0001572040855282541,
  "agentPnl": 0,
  "piggyCoPnl": -0.000014957883254446078,
  "predFundPositions": {
    "BRETT": {
      "entryPrice": 0.008258,
      "ethIn": 0.00007254475703903125,
      "tokens": 20.56089682660429,
      "entryTime": 1773704413414,
      "conf": 62,
      "phase": 43.679061736391645
    }
  },
  "piggyCoPositions": {
    "AERO": {
      "entryPrice": 0.352337742259598,
      "ethIn": 0.000022946678666133654,
      "tokens": 0.15195134508370522,
      "entryTime": 1773696384497,
      "conf": 63
    },
    "BRETT": {
      "entryPrice": 0.008258,
      "ethIn": 0.000023148595991881165,
      "tokens": 6.560858610550391,
      "entryTime": 1773704413414,
      "conf": 62
    }
  },
  "waveStats": {
    "AIXBT": {
      "wins": 14,
      "losses": 39,
      "totalPnlEth": 0.005545304878264213,
      "biggestWavePct": 0,
      "biggestWaveUsd": 0,
      "fastestWaveMs": null,
      "fastestWavePct": 0,
      "medals": {
        "gold": 0,
        "silver": 0,
        "bronze": 14
      },
      "piggyContrib": 0.000018484349594214046
    },
    "KEYCAT": {
      "wins": 4,
      "losses": 3,
      "totalPnlEth": 0.0011978542687499328,
      "biggestWavePct": 7.641290653695444,
      "biggestWaveUsd": 0.11318845658407284,
      "fastestWaveMs": null,
      "fastestWavePct": 0,
      "medals": {
        "gold": 2,
        "silver": 0,
        "bronze": 2
      },
      "piggyContrib": 0.0000052017742773623205
    },
    "PRIME": {
      "wins": 2,
      "losses": 4,
      "totalPnlEth": 0.0051933173788823485,
      "biggestWavePct": 2.9353398309358587,
      "biggestWaveUsd": 0.2943649848917467,
      "fastestWaveMs": null,
      "fastestWavePct": 0,
      "medals": {
        "gold": 0,
        "silver": 1,
        "bronze": 1
      },
      "piggyContrib": 0.000017311057929607828
    },
    "DEGEN": {
      "wins": 10,
      "losses": 0,
      "totalPnlEth": 0.0037447849749619984,
      "biggestWavePct": 2.204859551078612,
      "biggestWaveUsd": 0.07494048185149893,
      "fastestWaveMs": null,
      "fastestWavePct": 0,
      "medals": {
        "gold": 0,
        "silver": 0,
        "bronze": 10
      },
      "piggyContrib": 0.000012939451537779317
    },
    "AERO": {
      "wins": 5,
      "losses": 0,
      "totalPnlEth": 0.004656132151979632,
      "biggestWavePct": 1.8652020955406208,
      "biggestWaveUsd": 0.09723435912539369,
      "fastestWaveMs": 11625636,
      "fastestWavePct": 0.813718215516129,
      "medals": {
        "gold": 0,
        "silver": 0,
        "bronze": 5
      },
      "piggyContrib": 0.000017940866202879444
    },
    "XCN": {
      "wins": 4,
      "losses": 1,
      "totalPnlEth": 0.001942031443870809,
      "biggestWavePct": 0,
      "biggestWaveUsd": 0,
      "fastestWaveMs": null,
      "fastestWavePct": 0,
      "medals": {
        "gold": 0,
        "silver": 0,
        "bronze": 4
      },
      "piggyContrib": 0.000006473438146236029
    },
    "TOSHI": {
      "wins": 4,
      "losses": 1,
      "totalPnlEth": 0.0019595003892757612,
      "biggestWavePct": 131.66239719145335,
      "biggestWaveUsd": 2.794417084206194,
      "fastestWaveMs": 311997,
      "fastestWavePct": 131.66239719145335,
      "medals": {
        "gold": 1,
        "silver": 0,
        "bronze": 3
      },
      "piggyContrib": 0.00000823431506903172
    },
    "BRETT": {
      "wins": 9,
      "losses": 0,
      "totalPnlEth": 0.005768610499318312,
      "biggestWavePct": 82.9396859263693,
      "biggestWaveUsd": 0.15394502626608006,
      "fastestWaveMs": 1756333,
      "fastestWavePct": 19.175217687268585,
      "medals": {
        "gold": 8,
        "silver": 0,
        "bronze": 1
      },
      "piggyContrib": 0.000028412469882872735
    },
    "VIRTUAL": {
      "wins": 5,
      "losses": 3,
      "totalPnlEth": 0.003969018110400435,
      "biggestWavePct": 26.50998473707181,
      "biggestWaveUsd": 0.27386145408067364,
      "fastestWaveMs": null,
      "fastestWavePct": 0,
      "medals": {
        "gold": 2,
        "silver": 0,
        "bronze": 3
      },
      "piggyContrib": 0.000014023369414884048
    },
    "SEAM": {
      "wins": 1,
      "losses": 1,
      "totalPnlEth": 0.000011889372132378034,
      "biggestWavePct": 0,
      "biggestWaveUsd": 0,
      "fastestWaveMs": null,
      "fastestWavePct": 0,
      "medals": {
        "gold": 0,
        "silver": 0,
        "bronze": 1
      },
      "piggyContrib": 3.963124044126011e-8
    },
    "BNKR": {
      "wins": 4,
      "losses": 0,
      "totalPnlEth": 0.0035580096468758177,
      "biggestWavePct": 0,
      "biggestWaveUsd": 0,
      "fastestWaveMs": null,
      "fastestWavePct": 0,
      "medals": {
        "gold": 0,
        "silver": 0,
        "bronze": 4
      },
      "piggyContrib": 0.000011860032156252726
    }
  },
  "entries": {
    "AERO": 0.3448759492924,
    "BRETT": null,
    "VIRTUAL": 0.761467104481804,
    "MORPHO": null,
    "CBBTC": null,
    "DEGEN": 0.000842301307748857,
    "WELL": null,
    "SEAM": 0.110134530840557,
    "AIXBT": 0.02772,
    "TOSHI": null,
    "KITE": null,
    "KEYCAT": 0.000647105152659176,
    "DOGINME": null,
    "XCN": 0.00595,
    "SKI": null,
    "PRIME": null,
    "LUNA": null,
    "HIGHER": null,
    "MOCHI": null,
    "ZORA": null,
    "BNKR": 0.0004721,
    "TYBG": null,
    "MIGGLES": null,
    "BENJI": null,
    "ROOST": null,
    "TALENT": null,
    "MOG": null,
    "TOBY": null,
    "GAME": null,
    "SIMBA": null,
    "CRASH": null,
    "BASE": null,
    "BRIUN": null,
    "NORMIE": null,
    "OGGY": null,
    "FREN": null
  },
  "invested": {
    "AERO": 0.005304264572257864,
    "BRETT": 0,
    "VIRTUAL": 0.006284395707848705,
    "MORPHO": 0,
    "CBBTC": 0,
    "DEGEN": 0.008520102309552437,
    "WELL": 0,
    "SEAM": 0.0005537880015180614,
    "AIXBT": 0.00307581651753198,
    "TOSHI": 0,
    "KITE": 0,
    "KEYCAT": 0.0008008896311892384,
    "DOGINME": 0,
    "XCN": 0.0011147149603173204,
    "SKI": 0,
    "PRIME": 0,
    "LUNA": 0,
    "HIGHER": 0,
    "MOCHI": 0,
    "ZORA": 0,
    "BNKR": 0.002972927841168402,
    "TYBG": 0,
    "MIGGLES": 0,
    "BENJI": 0,
    "ROOST": 0,
    "TALENT": 0,
    "MOG": 0,
    "TOBY": 0,
    "GAME": 0,
    "SIMBA": 0,
    "CRASH": 0,
    "BASE": 0,
    "BRIUN": 0,
    "NORMIE": 0,
    "OGGY": 0,
    "FREN": 0
  },
  "entryTimes": {
    "AERO": 1773659281280,
    "BRETT": null,
    "VIRTUAL": 1773656848120,
    "MORPHO": null,
    "CBBTC": null,
    "DEGEN": 1773686287419,
    "WELL": null,
    "SEAM": 1773676089377,
    "AIXBT": 1773687169931,
    "TOSHI": null,
    "KITE": null,
    "KEYCAT": 1773694813855,
    "DOGINME": null,
    "XCN": 1773690351646,
    "SKI": null,
    "PRIME": null,
    "LUNA": null,
    "HIGHER": null,
    "MOCHI": null,
    "ZORA": null,
    "BNKR": 1773695700884,
    "TYBG": null,
    "MIGGLES": null,
    "BENJI": null,
    "ROOST": null,
    "TALENT": null,
    "MOG": null,
    "TOBY": null,
    "GAME": null,
    "SIMBA": null,
    "CRASH": null,
    "BASE": null,
    "BRIUN": null,
    "NORMIE": null,
    "OGGY": null,
    "FREN": null
  },
  "piggyContrib": {
    "AERO": 0.000017940866202879444,
    "BRETT": 0.000028412469882872735,
    "VIRTUAL": 0.000014023369414884048,
    "MORPHO": 0,
    "CBBTC": 0,
    "DEGEN": 0.000012939451537779317,
    "WELL": 0,
    "SEAM": 3.963124044126011e-8,
    "AIXBT": 0.000018484349594214046,
    "TOSHI": 0.00000823431506903172,
    "KITE": 0,
    "KEYCAT": 0.0000052017742773623205,
    "DOGINME": 0,
    "XCN": 0.000006473438146236029,
    "SKI": 0,
    "PRIME": 0.000017311057929607828,
    "LUNA": 0,
    "HIGHER": 0,
    "MOCHI": 0,
    "ZORA": 0,
    "BNKR": 0.000011860032156252726,
    "TYBG": 0,