{
  "lastSaved": "2026-03-15T19:49:47.572Z",
  "piggyBank": 0.00014439096665351027,
  "totalSkimmed": 0.00035527582797428565,
  "tradeCount": 189,
  "predFund": 0.00008102979722104942,
  "predFundPnl": 0,
  "predFundTrades": 0,
  "agentCapital": 0.00008102979722104942,
  "agentPnl": 0,
  "piggyCoPnl": -0.000004791711233623656,
  "predFundPositions": {},
  "piggyCoPositions": {
    "PRIME": {
      "entryPrice": 0.4136,
      "ethIn": 0.000011456153779042661,
      "tokens": 0.0576430160231314,
      "entryTime": 1773587588433,
      "conf": 65
    },
    "AERO": {
      "entryPrice": 0.334373290659076,
      "ethIn": 0.000016533961126731295,
      "tokens": 0.10370550792423404,
      "entryTime": 1773598848292,
      "conf": 65
    },
    "BRETT": {
      "entryPrice": 0.007354,
      "ethIn": 0.000016043440739278917,
      "tokens": 4.562554581364037,
      "entryTime": 1773601618750,
      "conf": 69
    }
  },
  "waveStats": {
    "AIXBT": {
      "wins": 0,
      "losses": 23,
      "totalPnlEth": 0,
      "biggestWavePct": 0,
      "biggestWaveUsd": 0,
      "fastestWaveMs": null,
      "fastestWavePct": 0,
      "medals": {
        "gold": 0,
        "silver": 0,
        "bronze": 0
      },
      "piggyContrib": 0
    },
    "KEYCAT": {
      "wins": 4,
      "losses": 2,
      "totalPnlEth": 0.0011978542687499328,
      "biggestWavePct": 7.641290653695444,
      "biggestWaveUsd": 0.11318845658407284,
      "fastestWaveMs": null,
      "fastestWavePct": 0,
      "medals": {
        "gold": 2,
        "silver": 0,
        "bronze": 2
      },
      "piggyContrib": 0.0000052017742773623205
    },
    "PRIME": {
      "wins": 2,
      "losses": 4,
      "totalPnlEth": 0.0051933173788823485,
      "biggestWavePct": 2.9353398309358587,
      "biggestWaveUsd": 0.2943649848917467,
      "fastestWaveMs": null,
      "fastestWavePct": 0,
      "medals": {
        "gold": 0,
        "silver": 1,
        "bronze": 1
      },
      "piggyContrib": 0.000017311057929607828
    },
    "DEGEN": {
      "wins": 3,
      "losses": 0,
      "totalPnlEth": 0.001741950012639215,
      "biggestWavePct": 2.204859551078612,
      "biggestWaveUsd": 0.07494048185149893,
      "fastestWaveMs": null,
      "fastestWavePct": 0,
      "medals": {
        "gold": 0,
        "silver": 0,
        "bronze": 3
      },
      "piggyContrib": 0.000005806500042130717
    },
    "AERO": {
      "wins": 3,
      "losses": 0,
      "totalPnlEth": 0.0032360425241952304,
      "biggestWavePct": 1.8652020955406208,
      "biggestWaveUsd": 0.09723435912539369,
      "fastestWaveMs": 11625636,
      "fastestWavePct": 0.813718215516129,
      "medals": {
        "gold": 0,
        "silver": 0,
        "bronze": 3
      },
      "piggyContrib": 0.00001320723411026477
    },
    "XCN": {
      "wins": 1,
      "losses": 1,
      "totalPnlEth": 0.00007211268440707576,
      "biggestWavePct": 0,
      "biggestWaveUsd": 0,
      "fastestWaveMs": null,
      "fastestWavePct": 0,
      "medals": {
        "gold": 0,
        "silver": 0,
        "bronze": 1
      },
      "piggyContrib": 2.4037561469025256e-7
    },
    "TOSHI": {
      "wins": 1,
      "losses": 0,
      "totalPnlEth": 0.0018558417277516443,
      "biggestWavePct": 131.66239719145335,
      "biggestWaveUsd": 2.794417084206194,
      "fastestWaveMs": 311997,
      "fastestWavePct": 131.66239719145335,
      "medals": {
        "gold": 1,
        "silver": 0,
        "bronze": 0
      },
      "piggyContrib": 0.000007888786197284663
    },
    "BRETT": {
      "wins": 1,
      "losses": 0,
      "totalPnlEth": 0.001100420200219324,
      "biggestWavePct": 19.175217687268585,
      "biggestWaveUsd": 0.6366518197473701,
      "fastestWaveMs": 1756333,
      "fastestWavePct": 19.175217687268585,
      "medals": {
        "gold": 1,
        "silver": 0,
        "bronze": 0
      },
      "piggyContrib": 0.000006319354497805068
    },
    "VIRTUAL": {
      "wins": 2,
      "losses": 0,
      "totalPnlEth": 0.002631415342563361,
      "biggestWavePct": 1.7866670021827489,
      "biggestWaveUsd": 0.08217300649684489,
      "fastestWaveMs": null,
      "fastestWavePct": 0,
      "medals": {
        "gold": 0,
        "silver": 0,
        "bronze": 2
      },
      "piggyContrib": 0.000008771384475211204
    },
    "SEAM": {
      "wins": 0,
      "losses": 1,
      "totalPnlEth": 0,
      "biggestWavePct": 0,
      "biggestWaveUsd": 0,
      "fastestWaveMs": null,
      "fastestWavePct": 0,
      "medals": {
        "gold": 0,
        "silver": 0,
        "bronze": 0
      },
      "piggyContrib": 0
    }
  },
  "entries": {
    "AERO": 0.3378,
    "BRETT": 0.007277418397606461,
    "VIRTUAL": 0.729252416887469,
    "MORPHO": null,
    "CBBTC": null,
    "DEGEN": 0.0007908,
    "WELL": null,
    "SEAM": 0.113107771010875,
    "AIXBT": null,
    "TOSHI": 0.000211873036716628,
    "KITE": null,
    "KEYCAT": null,
    "DOGINME": null,
    "XCN": 0.006086,
    "SKI": null,
    "PRIME": null,
    "LUNA": null,
    "HIGHER": null,
    "MOCHI": null,
    "ZORA": null,
    "BNKR": 0.0004612,
    "TYBG": null,
    "MIGGLES": null,
    "BENJI": null,
    "ROOST": null,
    "TALENT": null
  },
  "invested": {
    "AERO": 0.0007129955318946668,
    "BRETT": 0.004764500899556957,
    "VIRTUAL": 0.0038078834250364706,
    "MORPHO": 0,
    "CBBTC": 0,
    "DEGEN": 0.0007309359273162518,
    "WELL": 0,
    "SEAM": 0.0014277647739596579,
    "AIXBT": 0,
    "TOSHI": 0.005582986486127196,
    "KITE": 0,
    "KEYCAT": 0,
    "DOGINME": 0,
    "XCN": 0.0014207707533879167,
    "SKI": 0,
    "PRIME": 0,
    "LUNA": 0,
    "HIGHER": 0,
    "MOCHI": 0,
    "ZORA": 0,
    "BNKR": 0.003783854110787082,
    "TYBG": 0,
    "MIGGLES": 0,
    "BENJI": 0,
    "ROOST": 0,
    "TALENT": 0
  },
  "entryTimes": {
    "AERO": 1773551228853,
    "BRETT": 1773532458398,
    "VIRTUAL": 1773561473198,
    "MORPHO": null,
    "CBBTC": null,
    "DEGEN": 1773578645594,
    "WELL": null,
    "SEAM": 1773563478676,
    "AIXBT": null,
    "TOSHI": 1773540517147,
    "KITE": null,
    "KEYCAT": null,
    "DOGINME": null,
    "XCN": 1773600092568,
    "SKI": null,
    "PRIME": null,
    "LUNA": null,
    "HIGHER": null,
    "MOCHI": null,
    "ZORA": null,
    "BNKR": 1773545189836,
    "TYBG": null,
    "MIGGLES": null,
    "BENJI": null,
    "ROOST": null,
    "TALENT": null
  },
  "tradeLog": [
    {
      "type": "BUY",
      "symbol": "XCN",
      "price": 0.00608779847042094,
      "ethSpent": 0.0007102777185879679,
      "timestamp": "2026-03-15T18:39:24.486Z",
      "tx": "0xcddc1ae4e212b71b27f589eb02b4013aa02a16f72fd1001254b6750505f85591",
      "reason": "MANUAL BUY",
      "indScore": 0
    },
    {
      "type": "BUY",
      "symbol": "XCN",
      "price": 0.006086,
      "ethSpent": 0.0007104930347999488,
      "timestamp": "2026-03-15T18:41:32.568Z",
      "tx": "0x0f7363e3bc0cda1f81336ca1759642f9496fa57dd3f147f54749fe69b8f987b7",
      "reason": "MANUAL BUY",
      "indScore": 0
    }
  ]
}