{
  "lastSaved": "2026-03-16T08:54:39.369Z",
  "piggyBank": 0.00023775882124757783,
  "totalSkimmed": 0.0005154060628725003,
  "tradeCount": 269,
  "predFund": 0.00013313889627360675,
  "predFundPnl": -0.000001267645913514257,
  "predFundTrades": 2,
  "agentCapital": 0.00013440654218712102,
  "agentPnl": 0,
  "piggyCoPnl": -0.000008834157250680402,
  "predFundPositions": {},
  "piggyCoPositions": {},
  "waveStats": {
    "AIXBT": {
      "wins": 12,
      "losses": 39,
      "totalPnlEth": 0.005333976491444589,
      "biggestWavePct": 0,
      "biggestWaveUsd": 0,
      "fastestWaveMs": null,
      "fastestWavePct": 0,
      "medals": {
        "gold": 0,
        "silver": 0,
        "bronze": 12
      },
      "piggyContrib": 0.00001777992163814863
    },
    "KEYCAT": {
      "wins": 4,
      "losses": 2,
      "totalPnlEth": 0.0011978542687499328,
      "biggestWavePct": 7.641290653695444,
      "biggestWaveUsd": 0.11318845658407284,
      "fastestWaveMs": null,
      "fastestWavePct": 0,
      "medals": {
        "gold": 2,
        "silver": 0,
        "bronze": 2
      },
      "piggyContrib": 0.0000052017742773623205
    },
    "PRIME": {
      "wins": 2,
      "losses": 4,
      "totalPnlEth": 0.0051933173788823485,
      "biggestWavePct": 2.9353398309358587,
      "biggestWaveUsd": 0.2943649848917467,
      "fastestWaveMs": null,
      "fastestWavePct": 0,
      "medals": {
        "gold": 0,
        "silver": 1,
        "bronze": 1
      },
      "piggyContrib": 0.000017311057929607828
    },
    "DEGEN": {
      "wins": 10,
      "losses": 0,
      "totalPnlEth": 0.0037447849749619984,
      "biggestWavePct": 2.204859551078612,
      "biggestWaveUsd": 0.07494048185149893,
      "fastestWaveMs": null,
      "fastestWavePct": 0,
      "medals": {
        "gold": 0,
        "silver": 0,
        "bronze": 10
      },
      "piggyContrib": 0.000012939451537779317
    },
    "AERO": {
      "wins": 5,
      "losses": 0,
      "totalPnlEth": 0.004656132151979632,
      "biggestWavePct": 1.8652020955406208,
      "biggestWaveUsd": 0.09723435912539369,
      "fastestWaveMs": 11625636,
      "fastestWavePct": 0.813718215516129,
      "medals": {
        "gold": 0,
        "silver": 0,
        "bronze": 5
      },
      "piggyContrib": 0.000017940866202879444
    },
    "XCN": {
      "wins": 4,
      "losses": 1,
      "totalPnlEth": 0.001942031443870809,
      "biggestWavePct": 0,
      "biggestWaveUsd": 0,
      "fastestWaveMs": null,
      "fastestWavePct": 0,
      "medals": {
        "gold": 0,
        "silver": 0,
        "bronze": 4
      },
      "piggyContrib": 0.000006473438146236029
    },
    "TOSHI": {
      "wins": 4,
      "losses": 1,
      "totalPnlEth": 0.0019595003892757612,
      "biggestWavePct": 131.66239719145335,
      "biggestWaveUsd": 2.794417084206194,
      "fastestWaveMs": 311997,
      "fastestWavePct": 131.66239719145335,
      "medals": {
        "gold": 1,
        "silver": 0,
        "bronze": 3
      },
      "piggyContrib": 0.00000823431506903172
    },
    "BRETT": {
      "wins": 1,
      "losses": 0,
      "totalPnlEth": 0.001100420200219324,
      "biggestWavePct": 19.175217687268585,
      "biggestWaveUsd": 0.6366518197473701,
      "fastestWaveMs": 1756333,
      "fastestWavePct": 19.175217687268585,
      "medals": {
        "gold": 1,
        "silver": 0,
        "bronze": 0
      },
      "piggyContrib": 0.000006319354497805068
    },
    "VIRTUAL": {
      "wins": 5,
      "losses": 3,
      "totalPnlEth": 0.003969018110400435,
      "biggestWavePct": 26.50998473707181,
      "biggestWaveUsd": 0.27386145408067364,
      "fastestWaveMs": null,
      "fastestWavePct": 0,
      "medals": {
        "gold": 2,
        "silver": 0,
        "bronze": 3
      },
      "piggyContrib": 0.000014023369414884048
    },
    "SEAM": {
      "wins": 1,
      "losses": 1,
      "totalPnlEth": 0.000011889372132378034,
      "biggestWavePct": 0,
      "biggestWaveUsd": 0,
      "fastestWaveMs": null,
      "fastestWavePct": 0,
      "medals": {
        "gold": 0,
        "silver": 0,
        "bronze": 1
      },
      "piggyContrib": 3.963124044126011e-8
    },
    "BNKR": {
      "wins": 4,
      "losses": 0,
      "totalPnlEth": 0.0035580096468758177,
      "biggestWavePct": 0,
      "biggestWaveUsd": 0,
      "fastestWaveMs": null,
      "fastestWavePct": 0,
      "medals": {
        "gold": 0,
        "silver": 0,
        "bronze": 4
      },
      "piggyContrib": 0.000011860032156252726
    }
  },
  "entries": {
    "AERO": 0.3466,
    "BRETT": 0.0082856771566145,
    "VIRTUAL": 0.764648111379223,
    "MORPHO": null,
    "CBBTC": null,
    "DEGEN": null,
    "WELL": null,
    "SEAM": null,
    "AIXBT": null,
    "TOSHI": null,
    "KITE": null,
    "KEYCAT": 0.000606562228765133,
    "DOGINME": null,
    "XCN": null,
    "SKI": null,
    "PRIME": null,
    "LUNA": null,
    "HIGHER": null,
    "MOCHI": null,
    "ZORA": null,
    "BNKR": null,
    "TYBG": null,
    "MIGGLES": null,
    "BENJI": null,
    "ROOST": null,
    "TALENT": null
  },
  "invested": {
    "AERO": 0.004258066098515527,
    "BRETT": 0.006579688209037064,
    "VIRTUAL": 0.003152649487928547,
    "MORPHO": 0,
    "CBBTC": 0,
    "DEGEN": 0,
    "WELL": 0,
    "SEAM": 0,
    "AIXBT": 0,
    "TOSHI": 0,
    "KITE": 0,
    "KEYCAT": 0.000698984608358924,
    "DOGINME": 0,
    "XCN": 0,
    "SKI": 0,
    "PRIME": 0,
    "LUNA": 0,
    "HIGHER": 0,
    "MOCHI": 0,
    "ZORA": 0,
    "BNKR": 0,
    "TYBG": 0,
    "MIGGLES": 0,
    "BENJI": 0,
    "ROOST": 0,
    "TALENT": 0
  },
  "entryTimes": {
    "AERO": 1773647688848,
    "BRETT": 1773649117597,
    "VIRTUAL": 1773639943714,
    "MORPHO": null,
    "CBBTC": null,
    "DEGEN": null,
    "WELL": null,
    "SEAM": null,
    "AIXBT": null,
    "TOSHI": null,
    "KITE": null,
    "KEYCAT": 1773612424001,
    "DOGINME": null,
    "XCN": null,
    "SKI": null,
    "PRIME": null,
    "LUNA": null,
    "HIGHER": null,
    "MOCHI": null,
    "ZORA": null,
    "BNKR": null,
    "TYBG": null,
    "MIGGLES": null,
    "BENJI": null,
    "ROOST": null,
    "TALENT": null
  },
  "piggyContrib": {
    "AERO": 0.000017940866202879444,
    "BRETT": 0.000006319354497805068,
    "VIRTUAL": 0.000014023369414884048,
    "MORPHO": 0,
    "CBBTC": 0,
    "DEGEN": 0.000012939451537779317,
    "WELL": 0,
    "SEAM": 3.963124044126011e-8,
    "AIXBT": 0.00001777992163814863,
    "TOSHI": 0.00000823431506903172,
    "KITE": 0,
    "KEYCAT": 0.0000052017742773623205,
    "DOGINME": 0,
    "XCN": 0.000006473438146236029,
    "SKI": 0,
    "PRIME": 0.000017311057929607828,
    "LUNA": 0,
    "HIGHER": 0,
    "MOCHI": 0,
    "ZORA": 0,
    "BNKR": 0.000011860032156252726,
    "TYBG": 0,
    "MIGGLES": 0,
    "BENJI": 0,
    "ROOST": 0,
    "TALENT": 0
  },
  "tradeLog": [
    {
      "type": "SELL",
      "symbol": "TOSHI",
      "price": 0.0002272,
      "receivedEth": 0.0025581200866589384,
      "netUsd": -6.603249030045819,
      "timestamp": "2026-03-16T06:31:41.368Z",
      "tx": "0xd6b60383a696ade6df76dc693e1a4fdad9e8ddf36169030ec957d1552098d721",
      "reason": "MANUAL SELL",
      "indScore": 0
    },
    {
      "type": "SELL",
      "symbol": "TOSHI",
      "price": 0.000225029569598145,
      "receivedEth": 0.00010047571665155238,
      "netUsd": 0.22769103577558242,
      "timestamp": "2026-03-16T06:32:32.843Z",
      "tx": "0x55ed009c798c37539d270e97c2eb69512ec7de7c2278bf01edccfdf516e6009d",
      "reason": "🎯 MAX PEAK $0.00022698",
      "indScore": 0
    },
    {
      "type": "SELL",
      "symbol": "TOSHI",
      "price": 0.00023038818592256,
      "receivedEth": 0.0000031829448725647497,
      "netUsd": 0.007215194925475951,
      "timestamp": "2026-03-16T06:33:23.258Z",
      "tx": "0x2815775777023dc931019fa1eceabd2150b500339121c4742b2bf9d6ef72d044",
      "reason": "🎯 MAX PEAK $0.00022698",
      "indScore": 0
    },
    {
      "type": "SELL",
      "symbol": "TOSHI",
      "price": 0.0002285,