{
  "lastSaved": "2026-03-15T00:51:38.751Z",
  "piggyBank": 0.0001487698382878979,
  "totalSkimmed": 0.00027493728411247216,
  "tradeCount": 136,
  "predFund": 0.00005425028260044492,
  "predFundPnl": 0,
  "predFundTrades": 0,
  "agentCapital": 0.00005425028260044492,
  "agentPnl": 0,
  "piggyCoPnl": -0.000001136898591695706,
  "predFundPositions": {},
  "piggyCoPositions": {
    "PRIME": {
      "entryPrice": 0.4076,
      "ethIn": 0.000016529982031988657,
      "tokens": 0.08421148896496798,
      "entryTime": 1773535247132,
      "conf": 63
    }
  },
  "waveStats": {
    "AIXBT": {
      "wins": 0,
      "losses": 1,
      "totalPnlEth": 0,
      "biggestWavePct": 0,
      "biggestWaveUsd": 0,
      "fastestWaveMs": null,
      "fastestWavePct": 0,
      "medals": {
        "gold": 0,
        "silver": 0,
        "bronze": 0
      },
      "piggyContrib": 0
    },
    "KEYCAT": {
      "wins": 4,
      "losses": 1,
      "totalPnlEth": 0.0011978542687499328,
      "biggestWavePct": 7.641290653695444,
      "biggestWaveUsd": 0.11318845658407284,
      "fastestWaveMs": null,
      "fastestWavePct": 0,
      "medals": {
        "gold": 2,
        "silver": 0,
        "bronze": 2
      },
      "piggyContrib": 0.0000052017742773623205
    },
    "PRIME": {
      "wins": 0,
      "losses": 4,
      "totalPnlEth": 0,
      "biggestWavePct": 0,
      "biggestWaveUsd": 0,
      "fastestWaveMs": null,
      "fastestWavePct": 0,
      "medals": {
        "gold": 0,
        "silver": 0,
        "bronze": 0
      },
      "piggyContrib": 0
    },
    "DEGEN": {
      "wins": 3,
      "losses": 0,
      "totalPnlEth": 0.001741950012639215,
      "biggestWavePct": 2.204859551078612,
      "biggestWaveUsd": 0.07494048185149893,
      "fastestWaveMs": null,
      "fastestWavePct": 0,
      "medals": {
        "gold": 0,
        "silver": 0,
        "bronze": 3
      },
      "piggyContrib": 0.000005806500042130717
    },
    "AERO": {
      "wins": 2,
      "losses": 0,
      "totalPnlEth": 0.003026920859459591,
      "biggestWavePct": 1.8652020955406208,
      "biggestWaveUsd": 0.09723435912539369,
      "fastestWaveMs": 11625636,
      "fastestWavePct": 0.813718215516129,
      "medals": {
        "gold": 0,
        "silver": 0,
        "bronze": 2
      },
      "piggyContrib": 0.000012510161894479306
    },
    "XCN": {
      "wins": 1,
      "losses": 1,
      "totalPnlEth": 0.00007211268440707576,
      "biggestWavePct": 0,
      "biggestWaveUsd": 0,
      "fastestWaveMs": null,
      "fastestWavePct": 0,
      "medals": {
        "gold": 0,
        "silver": 0,
        "bronze": 1
      },
      "piggyContrib": 2.4037561469025256e-7
    },
    "TOSHI": {
      "wins": 1,
      "losses": 0,
      "totalPnlEth": 0.0018558417277516443,
      "biggestWavePct": 131.66239719145335,
      "biggestWaveUsd": 2.794417084206194,
      "fastestWaveMs": 311997,
      "fastestWavePct": 131.66239719145335,
      "medals": {
        "gold": 1,
        "silver": 0,
        "bronze": 0
      },
      "piggyContrib": 0.000007888786197284663
    },
    "BRETT": {
      "wins": 1,
      "losses": 0,
      "totalPnlEth": 0.001100420200219324,
      "biggestWavePct": 19.175217687268585,
      "biggestWaveUsd": 0.6366518197473701,
      "fastestWaveMs": 1756333,
      "fastestWavePct": 19.175217687268585,
      "medals": {
        "gold": 1,
        "silver": 0,
        "bronze": 0
      },
      "piggyContrib": 0.000006319354497805068
    }
  },
  "entries": {
    "AERO": null,
    "BRETT": 0.007277418397606461,
    "VIRTUAL": 0.720859251884183,
    "MORPHO": null,
    "CBBTC": null,
    "DEGEN": null,
    "WELL": null,
    "SEAM": 0.11388854142293478,
    "AIXBT": 0.02573,
    "TOSHI": 0.00021638267259734188,
    "KITE": null,
    "KEYCAT": null,
    "DOGINME": null,
    "XCN": null,
    "SKI": null,
    "PRIME": 0.4041,
    "LUNA": null,
    "HIGHER": null,
    "MOCHI": null,
    "ZORA": null,
    "BNKR": null,
    "TYBG": null,
    "MIGGLES": null,
    "BENJI": null,
    "ROOST": null,
    "TALENT": null
  },
  "invested": {
    "AERO": 0,
    "BRETT": 0.004764500899556957,
    "VIRTUAL": 0.0022454899759640165,
    "MORPHO": 0,
    "CBBTC": 0,
    "DEGEN": 0,
    "WELL": 0,
    "SEAM": 0.004306781064908509,
    "AIXBT": 0.005863335348679616,
    "TOSHI": 0.004626185466111733,
    "KITE": 0,
    "KEYCAT": 0,
    "DOGINME": 0,
    "XCN": 0,
    "SKI": 0,
    "PRIME": 0.004855824175410998,
    "LUNA": 0,
    "HIGHER": 0,
    "MOCHI": 0,
    "ZORA": 0,
    "BNKR": 0,
    "TYBG": 0,
    "MIGGLES": 0,
    "BENJI": 0,
    "ROOST": 0,
    "TALENT": 0
  },
  "entryTimes": {
    "AERO": null,
    "BRETT": 1773532458398,
    "VIRTUAL": 1773445428640,
    "MORPHO": null,
    "CBBTC": null,
    "DEGEN": null,
    "WELL": null,
    "SEAM": 1773535874539,
    "AIXBT": 1773482579742,
    "TOSHI": 1773528230291,
    "KITE": null,
    "KEYCAT": null,
    "DOGINME": null,
    "XCN": null,
    "SKI": null,
    "PRIME": 1773503480612,
    "LUNA": null,
    "HIGHER": null,
    "MOCHI": null,
    "ZORA": null,
    "BNKR": null,
    "TYBG": null,
    "MIGGLES": null,
    "BENJI": null,
    "ROOST": null,
    "TALENT": null
  },
  "tradeLog": [
    {
      "type": "BUY",
      "symbol": "BRETT",
      "price": 0.007273,
      "ethSpent": 0.0007176415428336317,
      "timestamp": "2026-03-14T23:04:23.210Z",
      "tx": "0xae35bd1f05cc80ff523e0e1fd947bf174f78ce8f7172c9f58cf7eb4267ae4db2",
      "reason": "🎯 MIN TROUGH [PRIORITY] unconfirmed",
      "indScore": 0
    },
    {
      "type": "BUY",
      "symbol": "BRETT",
      "price": 0.007285,
      "ethSpent": 0.0007166266948221333,
      "timestamp": "2026-03-14T23:06:35.534Z",
      "tx": "0x5728b8eb5f6df8710f91803c62494a8f8dfe7622fa91285332ae848ed5e12220",
      "reason": "🎯 MIN TROUGH [PRIORITY] unconfirmed",
      "indScore": 0
    },
    {
      "type": "BUY",
      "symbol": "BRETT",
      "price": 0.00729181459485963,
      "ethSpent": 0.0009675080561255243,
      "timestamp": "2026-03-14T23:30:06.503Z",
      "tx": "0x7e74314d4baa330fa1213c5ebed55d9d3e4b0cda88c8070f8120fe83853abda9",
      "reason": "🎯 MIN TROUGH [PRIORITY] unconfirmed",
      "indScore": -1
    },
    {
      "type": "SELL",
      "symbol": "KEYCAT",
      "price": 0.000594313309448421,
      "receivedEth": 0.000029592739427195658,
      "netUsd": 0.06208260804431377,
      "timestamp": "2026-03-14T23:49:34.272Z",
      "tx": "0xcb7ed91c43f84ae5f78e85a48409ab8e7f0362c1b670203dfcf4dea161d6bfde",
      "reason": "🎯 MAX PEAK $0.00060030",
      "indScore": -3
    },
    {
      "type": "SELL",
      "symbol": "KEYCAT",
      "price": 0.000594313309448421,
      "receivedEth": 2.354061832038389e-7,
      "netUsd": 0.0004934254843662386,
      "timestamp": "2026-03-14T23:52:05.198Z",
      "tx": "0x3998bc050aebedb6e2bf360d19683b043fa4dff65df4a4818589804a5c6b2be7",
      "reason": "🎯 MAX PEAK $0.00060030",
      "indScore": -4
    },
    {
      "type": "SELL",
      "symbol": "AERO",
      "price": 0.3333,
      "receivedEth": 0.002532987997811622,
      "netUsd": 0.09723435912539369,
      "timestamp": "2026-03-14T23:53:31.741Z",
      "tx": "0x8191baef8ff945cf516d2d621c3424840b0632243b4e81a092f08d54dd9bb7a2",
      "reason": "🎯 MAX PEAK $0.46593619",
      "indScore": -2
    },
    {
      "type": "BUY",
      "symbol": "BRETT",
      "price": 0.00727920675254641,
      "ethSpent": 0.0007719523075312758,
      "timestamp": "2026-03-14T23:54:18.398Z",
      "tx": "0x6da95c0a74c3cae094c68fec03abc261274cef556d8c2378b6d8e843d47b2e26",
      "reason": "🎯 MIN TROUGH [PRIORITY]",
      "indScore": 2
    },
    {
      "type": "BUY",
      "symbol": "SEAM",
      "price": 0.112831958627142,
      "ethSpent": 0.000716657509376269,
      "timestamp": "2026-03-15T00:22:43.561Z",
      "tx": "0xfe3f8d12582af51601ed29535dab0eab1d588eadc990194b54662fb5d632a691",
      "reason": "🎯 MIN TROUGH [PRIORITY]",
      "indScore": 2
    },
    {
      "type": "BUY",
      "symbol": "SEAM",