{
  "lastSaved": "2026-03-16T00:12:59.643Z",
  "piggyBank": 0.0001889831235926302,
  "totalSkimmed": 0.0003627824113526489,
  "tradeCount": 201,
  "predFund": 0.00008353199168050384,
  "predFundPnl": 0,
  "predFundTrades": 0,
  "agentCapital": 0.00008353199168050384,
  "agentPnl": 0,
  "piggyCoPnl": -0.000006735304399010935,
  "predFundPositions": {},
  "piggyCoPositions": {},
  "waveStats": {
    "AIXBT": {
      "wins": 0,
      "losses": 24,
      "totalPnlEth": 0,
      "biggestWavePct": 0,
      "biggestWaveUsd": 0,
      "fastestWaveMs": null,
      "fastestWavePct": 0,
      "medals": {
        "gold": 0,
        "silver": 0,
        "bronze": 0
      },
      "piggyContrib": 0
    },
    "KEYCAT": {
      "wins": 4,
      "losses": 2,
      "totalPnlEth": 0.0011978542687499328,
      "biggestWavePct": 7.641290653695444,
      "biggestWaveUsd": 0.11318845658407284,
      "fastestWaveMs": null,
      "fastestWavePct": 0,
      "medals": {
        "gold": 2,
        "silver": 0,
        "bronze": 2
      },
      "piggyContrib": 0.0000052017742773623205
    },
    "PRIME": {
      "wins": 2,
      "losses": 4,
      "totalPnlEth": 0.0051933173788823485,
      "biggestWavePct": 2.9353398309358587,
      "biggestWaveUsd": 0.2943649848917467,
      "fastestWaveMs": null,
      "fastestWavePct": 0,
      "medals": {
        "gold": 0,
        "silver": 1,
        "bronze": 1
      },
      "piggyContrib": 0.000017311057929607828
    },
    "DEGEN": {
      "wins": 7,
      "losses": 0,
      "totalPnlEth": 0.002355557864103743,
      "biggestWavePct": 2.204859551078612,
      "biggestWaveUsd": 0.07494048185149893,
      "fastestWaveMs": null,
      "fastestWavePct": 0,
      "medals": {
        "gold": 0,
        "silver": 0,
        "bronze": 7
      },
      "piggyContrib": 0.000008308694501585133
    },
    "AERO": {
      "wins": 3,
      "losses": 0,
      "totalPnlEth": 0.0032360425241952304,
      "biggestWavePct": 1.8652020955406208,
      "biggestWaveUsd": 0.09723435912539369,
      "fastestWaveMs": 11625636,
      "fastestWavePct": 0.813718215516129,
      "medals": {
        "gold": 0,
        "silver": 0,
        "bronze": 3
      },
      "piggyContrib": 0.00001320723411026477
    },
    "XCN": {
      "wins": 1,
      "losses": 1,
      "totalPnlEth": 0.00007211268440707576,
      "biggestWavePct": 0,
      "biggestWaveUsd": 0,
      "fastestWaveMs": null,
      "fastestWavePct": 0,
      "medals": {
        "gold": 0,
        "silver": 0,
        "bronze": 1
      },
      "piggyContrib": 2.4037561469025256e-7
    },
    "TOSHI": {
      "wins": 1,
      "losses": 0,
      "totalPnlEth": 0.0018558417277516443,
      "biggestWavePct": 131.66239719145335,
      "biggestWaveUsd": 2.794417084206194,
      "fastestWaveMs": 311997,
      "fastestWavePct": 131.66239719145335,
      "medals": {
        "gold": 1,
        "silver": 0,
        "bronze": 0
      },
      "piggyContrib": 0.000007888786197284663
    },
    "BRETT": {
      "wins": 1,
      "losses": 0,
      "totalPnlEth": 0.001100420200219324,
      "biggestWavePct": 19.175217687268585,
      "biggestWaveUsd": 0.6366518197473701,
      "fastestWaveMs": 1756333,
      "fastestWavePct": 19.175217687268585,
      "medals": {
        "gold": 1,
        "silver": 0,
        "bronze": 0
      },
      "piggyContrib": 0.000006319354497805068
    },
    "VIRTUAL": {
      "wins": 2,
      "losses": 0,
      "totalPnlEth": 0.002631415342563361,
      "biggestWavePct": 1.7866670021827489,
      "biggestWaveUsd": 0.08217300649684489,
      "fastestWaveMs": null,
      "fastestWavePct": 0,
      "medals": {
        "gold": 0,
        "silver": 0,
        "bronze": 2
      },
      "piggyContrib": 0.000008771384475211204
    },
    "SEAM": {
      "wins": 0,
      "losses": 1,
      "totalPnlEth": 0,
      "biggestWavePct": 0,
      "biggestWaveUsd": 0,
      "fastestWaveMs": null,
      "fastestWavePct": 0,
      "medals": {
        "gold": 0,
        "silver": 0,
        "bronze": 0
      },
      "piggyContrib": 0
    }
  },
  "entries": {
    "AERO": 0.336220048200373,
    "BRETT": 0.007277418397606461,
    "VIRTUAL": 0.729252416887469,
    "MORPHO": null,
    "CBBTC": null,
    "DEGEN": null,
    "WELL": null,
    "SEAM": 0.113107771010875,
    "AIXBT": 0.02568,
    "TOSHI": 0.000211873036716628,
    "KITE": null,
    "KEYCAT": 0.000606562228765133,
    "DOGINME": null,
    "XCN": 0.006083,
    "SKI": 0.007578,
    "PRIME": null,
    "LUNA": null,
    "HIGHER": null,
    "MOCHI": null,
    "ZORA": null,
    "BNKR": 0.0004612,
    "TYBG": null,
    "MIGGLES": null,
    "BENJI": null,
    "ROOST": null,
    "TALENT": null
  },
  "invested": {
    "AERO": 0.0014612940151390876,
    "BRETT": 0.004764500899556957,
    "VIRTUAL": 0.0038078834250364706,
    "MORPHO": 0,
    "CBBTC": 0,
    "DEGEN": 0,
    "WELL": 0,
    "SEAM": 0.0014277647739596579,
    "AIXBT": 0.0010346163724929537,
    "TOSHI": 0.005582986486127196,
    "KITE": 0,
    "KEYCAT": 0.000698984608358924,
    "DOGINME": 0,
    "XCN": 0.002122492310274144,
    "SKI": 0.000700790491674609,
    "PRIME": 0,
    "LUNA": 0,
    "HIGHER": 0,
    "MOCHI": 0,
    "ZORA": 0,
    "BNKR": 0.003783854110787082,
    "TYBG": 0,
    "MIGGLES": 0,
    "BENJI": 0,
    "ROOST": 0,
    "TALENT": 0
  },
  "entryTimes": {
    "AERO": 1773617966165,
    "BRETT": 1773532458398,
    "VIRTUAL": 1773561473198,
    "MORPHO": null,
    "CBBTC": null,
    "DEGEN": null,
    "WELL": null,
    "SEAM": 1773563478676,
    "AIXBT": 1773619214626,
    "TOSHI": 1773540517147,
    "KITE": null,
    "KEYCAT": 1773612424001,
    "DOGINME": null,
    "XCN": 1773612715016,
    "SKI": 1773612215052,
    "PRIME": null,
    "LUNA": null,
    "HIGHER": null,
    "MOCHI": null,
    "ZORA": null,
    "BNKR": 1773545189836,
    "TYBG": null,
    "MIGGLES": null,
    "BENJI": null,
    "ROOST": null,
    "TALENT": null
  },
  "tradeLog": [
    {
      "type": "BUY",
      "symbol": "XCN",
      "price": 0.006083,
      "ethSpent": 0.0007017215568862275,
      "timestamp": "2026-03-15T22:11:55.016Z",
      "tx": "0x5fc4fb2744585a4b3ace8440e3ba059d97ed5b749adebf6cc39565008665f372",
      "reason": "MANUAL BUY",
      "indScore": 0
    },
    {
      "type": "BUY",
      "symbol": "AERO",
      "price": 0.336220048200373,
      "ethSpent": 0.0007482984832444207,
      "timestamp": "2026-03-15T23:39:26.165Z",
      "tx": "0x22a1827b023c7dc828b640b512a45f8237758c92f819c7e87092ddb26389e544",
      "reason": "🧠 PREDICTED TROUGH [81% conf φ29°]",
      "indScore": 3
    },
    {
      "type": "BUY",
      "symbol": "AIXBT",
      "price": 0.02568,
      "ethSpent": 0.0006903502837339666,
      "timestamp": "2026-03-15T23:55:50.915Z",
      "tx": "0xa8b24a05082806b72211c6848c194659384cdf8570a7bf6fd4d89585c4c05dbf",
      "reason": "🎯 MIN TROUGH [PRIORITY] unconfirmed",
      "indScore": -1
    },
    {
      "type": "BUY",
      "symbol": "AIXBT",
      "price": 0.02568,
      "ethSpent": 0.0006895664006472729,
      "timestamp": "2026-03-15T23:58:03.277Z",
      "tx": "0xe3025ebe0c3f74c77087bfaad042d0e79de802bcac00c534992f94f35d328329",
      "reason": "🎯 MIN TROUGH [PRIORITY]",
      "indScore": 1
    },
    {
      "type": "BUY",
      "symbol": "AIXBT",
      "price": 0.02568,
      "ethSpent": 0.000689316060604668,
      "timestamp": "2026-03-16T00:00:14.626Z",
      "tx": "0x700b38d0d32febd717a6fef7bec86b6b8763e839556b45e7d3cbaef33a916185",
      "reason": "🎯 MIN TROUGH [PRIORITY]",
      "indScore": 2
    },
    {
      "type": "SELL",
      "symbol": "AIXBT",
      "price": 0.02588,
      "receivedEth": -0.0000017876607892198387,
      "netUsd": -2.2637240535352565,
      "timestamp": "2026-03-16T00:09:00.811Z",
      "tx": "0x92eccbba6f6913bfa05fe245a9970bc001ba36dc422b5d882e9c3a99ea70d185",
      "reason": "⏰ STALE CASCADE — 6min no movement",
      "indScore": -4
    }
  ]
}