{
  "lastSaved": "2026-03-16T15:32:31.226Z",
  "piggyBank": 0.00022821302909401057,
  "totalSkimmed": 0.0005500091131822947,
  "tradeCount": 285,
  "predFund": 0.0001419931004709394,
  "predFundPnl": -0.000003947791819446336,
  "predFundTrades": 5,
  "agentCapital": 0.00014594089229038576,
  "agentPnl": 0,
  "piggyCoPnl": -0.00001061994673366138,
  "predFundPositions": {},
  "piggyCoPositions": {
    "BRETT": {
      "entryPrice": 0.00833307208138074,
      "ethIn": 0.000019294352773851033,
      "tokens": 5.218772110674707,
      "entryTime": 1773656674863,
      "conf": 64
    }
  },
  "waveStats": {
    "AIXBT": {
      "wins": 14,
      "losses": 39,
      "totalPnlEth": 0.005545304878264213,
      "biggestWavePct": 0,
      "biggestWaveUsd": 0,
      "fastestWaveMs": null,
      "fastestWavePct": 0,
      "medals": {
        "gold": 0,
        "silver": 0,
        "bronze": 14
      },
      "piggyContrib": 0.000018484349594214046
    },
    "KEYCAT": {
      "wins": 4,
      "losses": 2,
      "totalPnlEth": 0.0011978542687499328,
      "biggestWavePct": 7.641290653695444,
      "biggestWaveUsd": 0.11318845658407284,
      "fastestWaveMs": null,
      "fastestWavePct": 0,
      "medals": {
        "gold": 2,
        "silver": 0,
        "bronze": 2
      },
      "piggyContrib": 0.0000052017742773623205
    },
    "PRIME": {
      "wins": 2,
      "losses": 4,
      "totalPnlEth": 0.0051933173788823485,
      "biggestWavePct": 2.9353398309358587,
      "biggestWaveUsd": 0.2943649848917467,
      "fastestWaveMs": null,
      "fastestWavePct": 0,
      "medals": {
        "gold": 0,
        "silver": 1,
        "bronze": 1
      },
      "piggyContrib": 0.000017311057929607828
    },
    "DEGEN": {
      "wins": 10,
      "losses": 0,
      "totalPnlEth": 0.0037447849749619984,
      "biggestWavePct": 2.204859551078612,
      "biggestWaveUsd": 0.07494048185149893,
      "fastestWaveMs": null,
      "fastestWavePct": 0,
      "medals": {
        "gold": 0,
        "silver": 0,
        "bronze": 10
      },
      "piggyContrib": 0.000012939451537779317
    },
    "AERO": {
      "wins": 5,
      "losses": 0,
      "totalPnlEth": 0.004656132151979632,
      "biggestWavePct": 1.8652020955406208,
      "biggestWaveUsd": 0.09723435912539369,
      "fastestWaveMs": 11625636,
      "fastestWavePct": 0.813718215516129,
      "medals": {
        "gold": 0,
        "silver": 0,
        "bronze": 5
      },
      "piggyContrib": 0.000017940866202879444
    },
    "XCN": {
      "wins": 4,
      "losses": 1,
      "totalPnlEth": 0.001942031443870809,
      "biggestWavePct": 0,
      "biggestWaveUsd": 0,
      "fastestWaveMs": null,
      "fastestWavePct": 0,
      "medals": {
        "gold": 0,
        "silver": 0,
        "bronze": 4
      },
      "piggyContrib": 0.000006473438146236029
    },
    "TOSHI": {
      "wins": 4,
      "losses": 1,
      "totalPnlEth": 0.0019595003892757612,
      "biggestWavePct": 131.66239719145335,
      "biggestWaveUsd": 2.794417084206194,
      "fastestWaveMs": 311997,
      "fastestWavePct": 131.66239719145335,
      "medals": {
        "gold": 1,
        "silver": 0,
        "bronze": 3
      },
      "piggyContrib": 0.00000823431506903172
    },
    "BRETT": {
      "wins": 2,
      "losses": 0,
      "totalPnlEth": 0.0033764448075305513,
      "biggestWavePct": 66.96489246702009,
      "biggestWaveUsd": 2.9832152506400895,
      "fastestWaveMs": 1756333,
      "fastestWavePct": 19.175217687268585,
      "medals": {
        "gold": 2,
        "silver": 0,
        "bronze": 0
      },
      "piggyContrib": 0.000017149276645004398
    },
    "VIRTUAL": {
      "wins": 5,
      "losses": 3,
      "totalPnlEth": 0.003969018110400435,
      "biggestWavePct": 26.50998473707181,
      "biggestWaveUsd": 0.27386145408067364,
      "fastestWaveMs": null,
      "fastestWavePct": 0,
      "medals": {
        "gold": 2,
        "silver": 0,
        "bronze": 3
      },
      "piggyContrib": 0.000014023369414884048
    },
    "SEAM": {
      "wins": 1,
      "losses": 1,
      "totalPnlEth": 0.000011889372132378034,
      "biggestWavePct": 0,
      "biggestWaveUsd": 0,
      "fastestWaveMs": null,
      "fastestWavePct": 0,
      "medals": {
        "gold": 0,
        "silver": 0,
        "bronze": 1
      },
      "piggyContrib": 3.963124044126011e-8
    },
    "BNKR": {
      "wins": 4,
      "losses": 0,
      "totalPnlEth": 0.0035580096468758177,
      "biggestWavePct": 0,
      "biggestWaveUsd": 0,
      "fastestWaveMs": null,
      "fastestWavePct": 0,
      "medals": {
        "gold": 0,
        "silver": 0,
        "bronze": 4
      },
      "piggyContrib": 0.000011860032156252726
    }
  },
  "entries": {
    "AERO": 0.3448759492924,
    "BRETT": 0.00810993008200206,
    "VIRTUAL": 0.761467104481804,
    "MORPHO": null,
    "CBBTC": null,
    "DEGEN": 0.000847923302083028,
    "WELL": null,
    "SEAM": null,
    "AIXBT": null,
    "TOSHI": null,
    "KITE": null,
    "KEYCAT": 0.000606562228765133,
    "DOGINME": null,
    "XCN": null,
    "SKI": null,
    "PRIME": null,
    "LUNA": null,
    "HIGHER": null,
    "MOCHI": null,
    "ZORA": null,
    "BNKR": null,
    "TYBG": null,
    "MIGGLES": null,
    "BENJI": null,
    "ROOST": null,
    "TALENT": null,
    "MOG": null,
    "TOBY": null,
    "GAME": null,
    "SIMBA": null,
    "CRASH": null,
    "BASE": null,
    "BRIUN": null,
    "NORMIE": null,
    "OGGY": null,
    "FREN": null
  },
  "invested": {
    "AERO": 0.005304264572257864,
    "BRETT": 0.0019459040736971433,
    "VIRTUAL": 0.006284395707848705,
    "MORPHO": 0,
    "CBBTC": 0,
    "DEGEN": 0.006990704229797403,
    "WELL": 0,
    "SEAM": 0,
    "AIXBT": 0,
    "TOSHI": 0,
    "KITE": 0,
    "KEYCAT": 0.000698984608358924,
    "DOGINME": 0,
    "XCN": 0,
    "SKI": 0,
    "PRIME": 0,
    "LUNA": 0,
    "HIGHER": 0,
    "MOCHI": 0,
    "ZORA": 0,
    "BNKR": 0,
    "TYBG": 0,
    "MIGGLES": 0,
    "BENJI": 0,
    "ROOST": 0,
    "TALENT": 0,
    "MOG": 0,
    "TOBY": 0,
    "GAME": 0,
    "SIMBA": 0,
    "CRASH": 0,
    "BASE": 0,
    "BRIUN": 0,
    "NORMIE": 0,
    "OGGY": 0,
    "FREN": 0
  },
  "entryTimes": {
    "AERO": 1773659281280,
    "BRETT": 1773664179371,
    "VIRTUAL": 1773656848120,
    "MORPHO": null,
    "CBBTC": null,
    "DEGEN": 1773655465497,
    "WELL": null,
    "SEAM": null,
    "AIXBT": null,
    "TOSHI": null,
    "KITE": null,
    "KEYCAT": 1773612424001,
    "DOGINME": null,
    "XCN": null,
    "SKI": null,
    "PRIME": null,
    "LUNA": null,
    "HIGHER": null,
    "MOCHI": null,
    "ZORA": null,
    "BNKR": null,
    "TYBG": null,
    "MIGGLES": null,
    "BENJI": null,
    "ROOST": null,
    "TALENT": null,
    "MOG": null,
    "TOBY": null,
    "GAME": null,
    "SIMBA": null,
    "CRASH": null,
    "BASE": null,
    "BRIUN": null,
    "NORMIE": null,
    "OGGY": null,
    "FREN": null
  },
  "piggyContrib": {
    "AERO": 0.000017940866202879444,
    "BRETT": 0.000017149276645004398,
    "VIRTUAL": 0.000014023369414884048,
    "MORPHO": 0,
    "CBBTC": 0,
    "DEGEN": 0.000012939451537779317,
    "WELL": 0,
    "SEAM": 3.963124044126011e-8,
    "AIXBT": 0.000018484349594214046,
    "TOSHI": 0.00000823431506903172,
    "KITE": 0,
    "KEYCAT": 0.0000052017742773623205,
    "DOGINME": 0,
    "XCN": 0.000006473438146236029,
    "SKI": 0,
    "PRIME": 0.000017311057929607828,
    "LUNA": 0,
    "HIGHER": 0,
    "MOCHI": 0,
    "ZORA": 0,
    "BNKR": 0.000011860032156252726,
    "TYBG": 0,
    "MIGGLES": 0,
    "BENJI": 0,
    "ROOST": 0,
    "TALENT": 0,
    "MOG": 0,
    "TOBY": 0,
    "GAME": 0,
    "SIMBA": 0,
    "CRASH": 0,
    "BASE": 0,
    "BRIUN": 0,
    "NORMIE": 0,
    "OGGY": 0,
    "FREN": 0
  },
  "tradeLog": [
    {
      "type": "SELL",
      "symbol": "BRETT",
      "price": 0.00808381230662809,
      "receivedEth": 0.003248976644159799,
      "netUsd": 2.9832152506400895,
      "timestamp": "2026-03-16T15:23:42.086Z",