{
  "lastSaved": "2026-03-14T20:13:00.192Z",
  "piggyBank": 0.0001485142661041865,
  "totalSkimmed": 0.00022269938978949677,
  "tradeCount": 109,
  "predFund": 0.00003683765115945314,
  "predFundPnl": 0,
  "predFundTrades": 0,
  "agentCapital": 0.00003683765115945314,
  "agentPnl": 0,
  "piggyCoPnl": -5.09821366403975e-7,
  "predFundPositions": {},
  "piggyCoPositions": {},
  "waveStats": {
    "AIXBT": {
      "wins": 0,
      "losses": 1,
      "totalPnlEth": 0,
      "biggestWavePct": 0,
      "biggestWaveUsd": 0,
      "fastestWaveMs": null,
      "fastestWavePct": 0,
      "medals": {
        "gold": 0,
        "silver": 0,
        "bronze": 0
      },
      "piggyContrib": 0
    },
    "KEYCAT": {
      "wins": 1,
      "losses": 1,
      "totalPnlEth": 0.00040285918360553923,
      "biggestWavePct": 5.539509915804989,
      "biggestWaveUsd": 0.083470753538746,
      "fastestWaveMs": null,
      "fastestWavePct": 0,
      "medals": {
        "gold": 1,
        "silver": 0,
        "bronze": 0
      },
      "piggyContrib": 0.000002551790660214343
    },
    "PRIME": {
      "wins": 0,
      "losses": 4,
      "totalPnlEth": 0,
      "biggestWavePct": 0,
      "biggestWaveUsd": 0,
      "fastestWaveMs": null,
      "fastestWavePct": 0,
      "medals": {
        "gold": 0,
        "silver": 0,
        "bronze": 0
      },
      "piggyContrib": 0
    },
    "DEGEN": {
      "wins": 3,
      "losses": 0,
      "totalPnlEth": 0.001741950012639215,
      "biggestWavePct": 2.204859551078612,
      "biggestWaveUsd": 0.07494048185149893,
      "fastestWaveMs": null,
      "fastestWavePct": 0,
      "medals": {
        "gold": 0,
        "silver": 0,
        "bronze": 3
      },
      "piggyContrib": 0.000005806500042130717
    },
    "AERO": {
      "wins": 1,
      "losses": 0,
      "totalPnlEth": 0.0004939328616479688,
      "biggestWavePct": 0.813718215516129,
      "biggestWaveUsd": 0.020434122440280422,
      "fastestWaveMs": 11625636,
      "fastestWavePct": 0.813718215516129,
      "medals": {
        "gold": 0,
        "silver": 0,
        "bronze": 1
      },
      "piggyContrib": 0.000004066868568440567
    },
    "XCN": {
      "wins": 1,
      "losses": 1,
      "totalPnlEth": 0.00007211268440707576,
      "biggestWavePct": 0,
      "biggestWaveUsd": 0,
      "fastestWaveMs": null,
      "fastestWavePct": 0,
      "medals": {
        "gold": 0,
        "silver": 0,
        "bronze": 1
      },
      "piggyContrib": 2.4037561469025256e-7
    },
    "TOSHI": {
      "wins": 1,
      "losses": 0,
      "totalPnlEth": 0.0018558417277516443,
      "biggestWavePct": 131.66239719145335,
      "biggestWaveUsd": 2.794417084206194,
      "fastestWaveMs": 311997,
      "fastestWavePct": 131.66239719145335,
      "medals": {
        "gold": 1,
        "silver": 0,
        "bronze": 0
      },
      "piggyContrib": 0.000007888786197284663
    }
  },
  "entries": {
    "AERO": 0.32070148803209375,
    "BRETT": null,
    "VIRTUAL": 0.720859251884183,
    "MORPHO": null,
    "CBBTC": null,
    "DEGEN": null,
    "WELL": null,
    "SEAM": null,
    "AIXBT": 0.02573,
    "TOSHI": 0.00021670804617380144,
    "KITE": null,
    "KEYCAT": 0.0005594,
    "DOGINME": null,
    "XCN": null,
    "SKI": null,
    "PRIME": 0.4041,
    "LUNA": null,
    "HIGHER": null,
    "MOCHI": null,
    "ZORA": null,
    "BNKR": null,
    "TYBG": null,
    "MIGGLES": null,
    "NORMIE": null,
    "BENJI": null,
    "ROOST": null,
    "TALENT": null
  },
  "invested": {
    "AERO": 0.002537354834868749,
    "BRETT": 0,
    "VIRTUAL": 0.0022454899759640165,
    "MORPHO": 0,
    "CBBTC": 0,
    "DEGEN": 0,
    "WELL": 0,
    "SEAM": 0,
    "AIXBT": 0.005863335348679616,
    "TOSHI": 0.0031876636764256467,
    "KITE": 0,
    "KEYCAT": 0.000725356028917527,
    "DOGINME": 0,
    "XCN": 0,
    "SKI": 0,
    "PRIME": 0.004855824175410998,
    "LUNA": 0,
    "HIGHER": 0,
    "MOCHI": 0,
    "ZORA": 0,
    "BNKR": 0,
    "TYBG": 0,
    "MIGGLES": 0,
    "NORMIE": 0,
    "BENJI": 0,
    "ROOST": 0,
    "TALENT": 0
  },
  "entryTimes": {
    "AERO": 1773518666339,
    "BRETT": null,
    "VIRTUAL": 1773445428640,
    "MORPHO": null,
    "CBBTC": null,
    "DEGEN": null,
    "WELL": null,
    "SEAM": null,
    "AIXBT": 1773482579742,
    "TOSHI": 1773518289605,
    "KITE": null,
    "KEYCAT": 1773482852420,
    "DOGINME": null,
    "XCN": null,
    "SKI": null,
    "PRIME": 1773503480612,
    "LUNA": null,
    "HIGHER": null,
    "MOCHI": null,
    "ZORA": null,
    "BNKR": null,
    "TYBG": null,
    "MIGGLES": null,
    "NORMIE": null,
    "BENJI": null,
    "ROOST": null,
    "TALENT": null
  },
  "tradeLog": [
    {
      "type": "BUY",
      "symbol": "TOSHI",
      "price": 0.0002161,
      "ethSpent": 0.0007219799578363705,
      "timestamp": "2026-03-14T19:58:09.605Z",
      "tx": "0x0236cd26a0ecce514e67899ff896095f050f2260b7e467ba9699e348ed9d5e2f",
      "reason": "🎯 MIN TROUGH [PRIORITY] unconfirmed",
      "indScore": 0
    },
    {
      "type": "BUY",
      "symbol": "AERO",
      "price": 0.321868319374232,
      "ethSpent": 0.0007220355626582462,
      "timestamp": "2026-03-14T20:04:26.339Z",
      "tx": "0xc00ac6c3ea279cf8ab34821c740ce799ff8cd3fca522837d41e789a3ba3ec0b9",
      "reason": "🎯 MIN TROUGH [PRIORITY] unconfirmed",
      "indScore": 0
    }
  ]
}